Workbook

Sheet UIT3561
A1: Sri Sivasubramaniya Nadar College of Engineering, Kalavakkam - 603 110
A2: Department of Information Technology
A3: ATTENDANCE SHEET
A4: Class & Section : V SEM IT B
A5: Academic Year: 2026-2027 | AW5: Batch : 2024-28
A7: Sub Code & Sub Name : UIT3561 -Full Stack Web Development | AV7: ug2024-it@ssn.edu.in
A8: Staff Name : Mr. Sankar Santhamoorthy(T) & Dr. K. R. Uthayan
F9: Mark "P" for presentees , "A" for absentees
A11: S.No | B11: Digital Id | C11: Register Number | D11: Name as per 12th Mark Sheet | E11: SSN Email ID | F11: Date
F12: 24/7/26 | G12: 24/7/26 | H12: 31/7/26 | I12: 31/7/26 | J12: 10/09/26 3rd Hour | BJ12: =COUNTA(F12:BI12)
A13: 1 | B13: 2410606 | C13: 3122245002067 | D13: Pragalya T | E13: pragalya2410606@ssn.edu.in | F13: A | G13: A | H13: P | I13: P | J13: A | BJ13: =COUNTIF(F13:BI13,"P") | BK13: =SUM((BJ13/BJ12)*100)
A14: 2 | B14: 2410674 | C14: 3122245002068 | D14: Praghathish G T | E14: praghathish2410674@ssn.edu.in | F14: A | G14: A | H14: P | I14: P | J14: P | BJ14: =COUNTIF(F14:BI14,"P") | BK14: =SUM((BJ14/BJ12)*100)
A15: 3 | B15: 2410080 | C15: 3122245002069 | D15: Pranav C K | E15: pranav2410080@ssn.edu.in | F15: A | G15: A | H15: A | I15: A | J15: P | BJ15: =COUNTIF(F15:BI15,"P") | BK15: =SUM((BJ15/BJ12)*100)
A16: 4 | B16: 2410328 | C16: 3122245002070 | D16: Pranav Vasudevan | E16: pranav2410328@ssn.edu.in | F16: P | G16: P | H16: A | I16: A | J16: P | BJ16: =COUNTIF(F16:BI16,"P") | BK16: =SUM((BJ16/BJ12)*100)
A17: 5 | B17: 2410738 | C17: 3122245002071 | D17: Radhakrishnan M | E17: radhakrishnan2410738@ssn.edu.in | F17: P | G17: P | H17: A | I17: A | J17: P | BJ17: =COUNTIF(F17:BI17,"P") | BK17: =SUM((BJ17/BJ12)*100)
A18: 6 | B18: 2410786 | C18: 3122245002072 | D18: Raghul Krishna V | E18: raghulkrishna2410786@ssn.edu.in | F18: A | G18: A | H18: A | I18: A | J18: P | BJ18: =COUNTIF(F18:BI18,"P") | BK18: =SUM((BJ18/BJ12)*100)
A19: 7 | B19: 2410441 | C19: 3122245002073 | D19: Ragul A | E19: ragul2410441@ssn.edu.in | F19: A | G19: A | H19: P | I19: P | J19: P | BJ19: =COUNTIF(F19:BI19,"P") | BK19: =SUM((BJ19/BJ12)*100)
A20: 8 | B20: 2410834 | C20: 3122245002074 | D20: Ragunandhan M | E20: ragunandhan2410834@ssn.edu.in | F20: P | G20: P | H20: P | I20: P | J20: P | BJ20: =COUNTIF(F20:BI20,"P") | BK20: =SUM((BJ20/BJ12)*100)
A21: 9 | B21: 2410098 | C21: 3122245002075 | D21: Rajkumar M | E21: rajkumar2410098@ssn.edu.in | F21: A | G21: A | H21: P | I21: P | J21: P | BJ21: =COUNTIF(F21:BI21,"P") | BK21: =SUM((BJ21/BJ12)*100)
A22: 10 | B22: 2410632 | C22: 3122245002076 | D22: Ramakrishnan M R | E22: ramakrishnan2410632@ssn.edu.in | F22: A | G22: A | H22: P | I22: P | J22: P | BJ22: =COUNTIF(F22:BI22,"P") | BK22: =SUM((BJ22/BJ12)*100)
A23: 11 | B23: 2410313 | C23: 3122245002077 | D23: Raveena V K | E23: raveena2410313@ssn.edu.in | F23: A | G23: A | H23: A | I23: A | J23: P | BJ23: =COUNTIF(F23:BI23,"P") | BK23: =SUM((BJ23/BJ12)*100)
A24: 12 | B24: 2410581 | C24: 3122245002078 | D24: Ridhi R | E24: ridhi2410581@ssn.edu.in | F24: A | G24: A | H24: P | I24: P | J24: P | BJ24: =COUNTIF(F24:BI24,"P") | BK24: =SUM((BJ24/BJ12)*100)
A25: 13 | B25: 2410343 | C25: 3122245002079 | D25: Rishikumar Pitchiah Kalyanakumar | E25: rishikumar2410343@ssn.edu.in | F25: P | G25: P | H25: P | I25: P | J25: P | BJ25: =COUNTIF(F25:BI25,"P") | BK25: =SUM((BJ25/BJ12)*100)
A26: 14 | B26: 2410308 | C26: 3122245002080 | D26: Rithin Asvathama V | E26: rithinasvathama2410308@ssn.edu.in | F26: P | G26: P | H26: A | I26: A | J26: A | BJ26: =COUNTIF(F26:BI26,"P") | BK26: =SUM((BJ26/BJ12)*100)
A27: 15 | B27: 2410445 | C27: 3122245002081 | D27: Ritvik Kumar T | E27: ritvikkumar2410445@ssn.edu.in | F27: P | G27: P | H27: P | I27: P | J27: P | BJ27: =COUNTIF(F27:BI27,"P") | BK27: =SUM((BJ27/BJ12)*100)
A28: 16 | B28: 2410230 | C28: 3122245002082 | D28: Roja Sri R | E28: rojasri2410230@ssn.edu.in | F28: A | G28: A | H28: P | I28: P | J28: P | BJ28: =COUNTIF(F28:BI28,"P") | BK28: =SUM((BJ28/BJ12)*100)
A29: 17 | B29: 2410331 | C29: 3122245002083 | D29: Rovena Madharasi I | E29: rovenamadharasi2410331@ssn.edu.in | F29: P | G29: P | H29: P | I29: P | J29: P | BJ29: =COUNTIF(F29:BI29,"P") | BK29: =SUM((BJ29/BJ12)*100)
A30: 18 | B30: 2410229 | C30: 3122245002084 | D30: Sabarish S B | E30: sabarish2410229@ssn.edu.in | F30: A | G30: A | H30: A | I30: A | J30: P | BJ30: =COUNTIF(F30:BI30,"P") | BK30: =SUM((BJ30/BJ12)*100)
A31: 19 | B31: 2410984 | C31: 3122245002085 | D31: Sahana A | E31: sahana2410984@ssn.edu.in | F31: P | G31: P | H31: P | I31: P | J31: P | BJ31: =COUNTIF(F31:BI31,"P") | BK31: =SUM((BJ31/BJ12)*100)
A32: 20 | B32: 2410091 | C32: 3122245002086 | D32: Sandhya B | E32: sandhya2410091@ssn.edu.in | F32: A | G32: A | H32: P | I32: P | J32: P | BJ32: =COUNTIF(F32:BI32,"P") | BK32: =SUM((BJ32/BJ12)*100)
A33: 21 | B33: 2410706 | C33: 3122245002087 | D33: Sandhya S | E33: sandhya2410706@ssn.edu.in | F33: A | G33: A | H33: P | I33: P | J33: P | BJ33: =COUNTIF(F33:BI33,"P") | BK33: =SUM((BJ33/BJ12)*100)
A34: 22 | B34: 2410778 | C34: 3122245002088 | D34: Sangaraju Sathwik | E34: sangaraju2410778@ssn.edu.in | F34: A | G34: A | H34: A | I34: A | J34: P | BJ34: =COUNTIF(F34:BI34,"P") | BK34: =SUM((BJ34/BJ12)*100)
A35: 23 | B35: 2410162 | C35: 3122245002089 | D35: Sanjana Shankar | E35: sanjana2410162@ssn.edu.in | F35: A | G35: A | H35: A | I35: A | J35: P | BJ35: =COUNTIF(F35:BI35,"P") | BK35: =SUM((BJ35/BJ12)*100)
A36: 24 | B36: 2410514 | C36: 3122245002090 | D36: Sanjay J | E36: sanjay2410514@ssn.edu.in | F36: A | G36: A | H36: A | I36: A | J36: P | BJ36: =COUNTIF(F36:BI36,"P") | BK36: =SUM((BJ36/BJ12)*100)
A37: 25 | B37: 2410068 | C37: 3122245002091 | D37: Sanjay Raam S | E37: sanjayraam2410068@ssn.edu.in | F37: P | G37: P | H37: A | I37: A | J37: P | BJ37: =COUNTIF(F37:BI37,"P") | BK37: =SUM((BJ37/BJ12)*100)
A38: 26 | B38: 2410185 | C38: 3122245002092 | D38: Sanjay T | E38: sanjay2410185@ssn.edu.in | F38: A | G38: A | H38: P | I38: P | J38: P | BJ38: =COUNTIF(F38:BI38,"P") | BK38: =SUM((BJ38/BJ12)*100)
A39: 27 | B39: 2410988 | C39: 3122245002093 | D39: Santhosh Aaron C | E39: santhosh2410988@ssn.edu.in | F39: A | G39: A | H39: P | I39: P | J39: P | BJ39: =COUNTIF(F39:BI39,"P") | BK39: =SUM((BJ39/BJ12)*100)
A40: 28 | B40: 2410488 | C40: 3122245002094 | D40: Sarvesh K | E40: sarvesh2410488@ssn.edu.in | F40: A | G40: A | H40: A | I40: A | J40: P | BJ40: =COUNTIF(F40:BI40,"P") | BK40: =SUM((BJ40/BJ12)*100)
A41: 29 | B41: 2410076 | C41: 3122245002095 | D41: Sarvesh S | E41: sarvesh2410076@ssn.edu.in | F41: P | G41: P | H41: P | I41: P | J41: P | BJ41: =COUNTIF(F41:BI41,"P") | BK41: =SUM((BJ41/BJ12)*100)
A42: 30 | B42: 2410740 | C42: 3122245002096 | D42: Sarvesh S | E42: sarvesh2410740@ssn.edu.in | F42: A | G42: A | H42: P | I42: P | J42: P | BJ42: =COUNTIF(F42:BI42,"P") | BK42: =SUM((BJ42/BJ12)*100)
A43: 31 | B43: 2410118 | C43: 3122245002097 | D43: Sathvik Gururaghavendran | E43: sathvik2410118@ssn.edu.in | F43: A | G43: A | H43: A | I43: A | J43: P | BJ43: =COUNTIF(F43:BI43,"P") | BK43: =SUM((BJ43/BJ12)*100)
A44: 32 | B44: 2410486 | C44: 3122245002098 | D44: Shalini G | E44: shalini2410486@ssn.edu.in | F44: A | G44: A | H44: P | I44: P | J44: P | BJ44: =COUNTIF(F44:BI44,"P") | BK44: =SUM((BJ44/BJ12)*100)
A45: 33 | B45: 2410569 | C45: 3122245002099 | D45: Sharaal Jospeen Rani S | E45: sharaaljospeenrani2410569@ssn.edu.in | F45: A | G45: A | H45: P | I45: P | J45: P | BJ45: =COUNTIF(F45:BI45,"P") | BK45: =SUM((BJ45/BJ12)*100)
A46: 34 | B46: 2410047 | C46: 3122245002100 | D46: Shashank V | E46: shashank2410047@ssn.edu.in | F46: A | G46: A | H46: A | I46: A | J46: P | BJ46: =COUNTIF(F46:BI46,"P") | BK46: =SUM((BJ46/BJ12)*100)
A47: 35 | B47: 2410184 | C47: 3122245002101 | D47: Shree M | E47: shree2410184@ssn.edu.in | F47: A | G47: A | H47: A | I47: A | J47: P | BJ47: =COUNTIF(F47:BI47,"P") | BK47: =SUM((BJ47/BJ13)*100)
A48: 36 | B48: 2410214 | C48: 3122245002102 | D48: Shrika Neeharika C | E48: shrikaneeharika2410214@ssn.edu.in | F48: A | G48: A | H48: A | I48: A | J48: P | BJ48: =COUNTIF(F48:BI48,"P") | BK48: =SUM((BJ48/BJ12)*100)
A49: 37 | B49: 2410072 | C49: 3122245002103 | D49: Shrish V V S Sri Kumar Rasamsetty | E49: shrish2410072@ssn.edu.in | F49: P | G49: P | H49: A | I49: A | J49: P | BJ49: =COUNTIF(F49:BI49,"P") | BK49: =SUM((BJ49/BJ12)*100)
A50: 38 | B50: 2410533 | C50: 3122245002104 | D50: Shyam T J | E50: shyam2410533@ssn.edu.in | F50: A | G50: A | H50: A | I50: A | J50: P | BJ50: =COUNTIF(F50:BI50,"P") | BK50: =SUM((BJ50/BJ12)*100)
A51: 39 | B51: 2410457 | C51: 3122245002105 | D51: Siva Hari Raj S T | E51: sivahariraj2410457@ssn.edu.in | F51: A | G51: A | H51: P | I51: P | J51: P | BJ51: =COUNTIF(F51:BI51,"P") | BK51: =SUM((BJ51/BJ12)*100)
A52: 40 | B52: 2410759 | C52: 3122245002106 | D52: Sivaprasanth K | E52: sivaprasanth2410759@ssn.edu.in | F52: A | G52: A | H52: A | I52: A | J52: P | BJ52: =COUNTIF(F52:BI52,"P") | BK52: =SUM((BJ52/BJ12)*100)
A53: 41 | B53: 2410530 | C53: 3122245002107 | D53: Sreenath G | E53: sreenath2410530@ssn.edu.in | F53: P | G53: P | H53: A | I53: A | J53: P | BJ53: =COUNTIF(F53:BI53,"P") | BK53: =SUM((BJ53/BJ12)*100)
A54: 42 | B54: 2410089 | C54: 3122245002108 | D54: Sri Subhiksha T | E54: sri2410089@ssn.edu.in | F54: P | G54: P | H54: A | I54: A | J54: P | BJ54: =COUNTIF(F54:BI54,"P") | BK54: =SUM((BJ54/BJ12)*100)
A55: 43 | B55: 2410307 | C55: 3122245002109 | D55: Srimathi B | E55: srimathi2410307@ssn.edu.in | F55: P | G55: P | H55: A | I55: A | J55: P | BJ55: =COUNTIF(F55:BI55,"P") | BK55: =SUM((BJ55/BJ12)*100)
A56: 44 | B56: 2410315 | C56: 3122245002110 | D56: Sriram R | E56: sriram2410315@ssn.edu.in | F56: P | G56: P | H56: A | I56: A | J56: P | BJ56: =COUNTIF(F56:BI56,"P") | BK56: =SUM((BJ56/BJ12)*100)
A57: 45 | B57: 2410777 | C57: 3122245002111 | D57: Srivarshan S | E57: srivarshan2410777@ssn.edu.in | F57: A | G57: A | H57: A | I57: A | J57: P | BJ57: =COUNTIF(F57:BI57,"P") | BK57: =SUM((BJ57/BJ12)*100)
A58: 46 | B58: 2410345 | C58: 3122245002112 | D58: Srivathsan G | E58: srivathsan2410345@ssn.edu.in | F58: P | G58: P | H58: P | I58: P | J58: P | BJ58: =COUNTIF(F58:BI58,"P") | BK58: =SUM((BJ58/BJ12)*100)
A59: 47 | B59: 2410867 | C59: 3122245002113 | D59: Sudharsan S | E59: sudharsan2410867@ssn.edu.in | F59: A | G59: A | H59: P | I59: P | J59: P | BJ59: =COUNTIF(F59:BI59,"P") | BK59: =SUM((BJ59/BJ12)*100)
A60: 48 | B60: 2410309 | C60: 3122245002114 | D60: Sunitha Adluru | E60: sunitha2410309@ssn.edu.in | F60: A | G60: A | H60: P | I60: P | J60: A | BJ60: =COUNTIF(F60:BI60,"P") | BK60: =SUM((BJ60/BJ12)*100)
A61: 49 | B61: 2410404 | C61: 3122245002115 | D61: Supritha R | E61: supritha2410404@ssn.edu.in | F61: A | G61: A | H61: P | I61: P | J61: P | BJ61: =COUNTIF(F61:BI61,"P") | BK61: =SUM((BJ61/BJ12)*100)
A62: 50 | B62: 2410239 | C62: 3122245002116 | D62: Sweta Sri P | E62: swetasri2410239@ssn.edu.in | F62: P | G62: P | H62: P | I62: P | J62: P | BJ62: =COUNTIF(F62:BI62,"P") | BK62: =SUM((BJ62/BJ12)*100)
A63: 51 | B63: 2410247 | C63: 3122245002117 | D63: Tejaswin Bhola | E63: tejaswin2410247@ssn.edu.in | F63: P | G63: P | H63: P | I63: P | J63: P | BJ63: =COUNTIF(F63:BI63,"P") | BK63: =SUM((BJ63/BJ12)*100)
A64: 52 | B64: 2410699 | C64: 3122245002118 | D64: Thamizhini R | E64: thamizhini2410699@ssn.edu.in | F64: P | G64: P | H64: P | I64: P | J64: P | BJ64: =COUNTIF(F64:BI64,"P") | BK64: =SUM((BJ64/BJ12)*100)
A65: 53 | B65: 2410405 | C65: 3122245002119 | D65: Tharun Balaji M | E65: tharunbalaji2410405@ssn.edu.in | F65: A | G65: A | H65: A | I65: A | J65: P | BJ65: =COUNTIF(F65:BI65,"P") | BK65: =SUM((BJ65/BJ12)*100)
A66: 54 | B66: 2410785 | C66: 3122245002120 | D66: Thavasi M | E66: thavasi2410785@ssn.edu.in | F66: A | G66: A | H66: A | I66: A | J66: P | BJ66: =COUNTIF(F66:BI66,"P") | BK66: =SUM((BJ66/BJ12)*100)
A67: 55 | B67: 2410584 | C67: 3122245002121 | D67: Thirukkumaran V M | E67: thirukkumaran2410584@ssn.edu.in | F67: P | G67: P | H67: A | I67: A | J67: P | BJ67: =COUNTIF(F67:BI67,"P") | BK67: =SUM((BJ67/BJ12)*100)
A68: 56 | B68: 2410413 | C68: 3122245002122 | D68: Varsha M | E68: varsha2410413@ssn.edu.in | F68: A | G68: A | H68: P | I68: P | J68: P | BJ68: =COUNTIF(F68:BI68,"P") | BK68: =SUM((BJ68/BJ12)*100)
A69: 57 | B69: 2410848 | C69: 3122245002123 | D69: Varsha S | E69: varsha2410848@ssn.edu.in | F69: A | G69: A | H69: A | I69: A | J69: P | BJ69: =COUNTIF(F69:BI69,"P") | BK69: =SUM((BJ69/BJ12)*100)
A70: 58 | B70: 2410804 | C70: 3122245002124 | D70: Vijai T | E70: vijai2410804@ssn.edu.in | F70: A | G70: A | H70: A | I70: A | J70: P | BJ70: =COUNTIF(F70:BI70,"P") | BK70: =SUM((BJ70/BJ12)*100)
A71: 59 | B71: 2410586 | C71: 3122245002125 | D71: Vimal Raj M | E71: vimalraj2410586@ssn.edu.in | F71: A | G71: A | H71: A | I71: A | J71: P | BJ71: =COUNTIF(F71:BI71,"P") | BK71: =SUM((BJ71/BJ12)*100)
A72: 60 | B72: 2410781 | C72: 3122245002126 | D72: Vinobalan K | E72: vinobalan2410781@ssn.edu.in | F72: P | G72: P | H72: P | I72: P | J72: P | BJ72: =COUNTIF(F72:BI72,"P") | BK72: =SUM((BJ72/BJ12)*100)
A73: 61 | B73: 2410739 | C73: 3122245002127 | D73: Vishnu A | E73: vishnu2410739@ssn.edu.in | F73: A | G73: A | H73: A | I73: A | J73: P | BJ73: =COUNTIF(F73:BI73,"P") | BK73: =SUM((BJ73/BJ12)*100)
A74: 62 | B74: 2410079 | C74: 3122245002128 | D74: Yasasvini Tiwari | E74: yasasvini2410079@ssn.edu.in | F74: A | G74: A | H74: A | I74: A | J74: P | BJ74: =COUNTIF(F74:BI74,"P") | BK74: =SUM((BJ74/BJ12)*100)
A75: 63 | B75: 2410480 | C75: 3122245002129 | D75: Yashwanth B | E75: yashwanth2410480@ssn.edu.in | F75: A | G75: A | H75: A | I75: A | J75: P | BJ75: =COUNTIF(F75:BI75,"P") | BK75: =SUM((BJ75/BJ12)*100)
A76: 64 | B76: 2410433 | C76: 3122245002130 | D76: Yashwanth R | E76: yashwanth2410433@ssn.edu.in | F76: P | G76: P | H76: A | I76: A | J76: P | BJ76: =COUNTIF(F76:BI76,"P") | BK76: =SUM((BJ76/BJ12)*100)
A77: 65 | B77: 2410096 | C77: 3122245002131 | D77: Yasmithasri B | E77: yasmithasri2410096@ssn.edu.in | F77: A | G77: A | H77: P | I77: P | J77: P | BJ77: =COUNTIF(F77:BI77,"P") | BK77: =SUM((BJ77/BJ12)*100)
A78: 66 | B78: 2410990 | C78: 3122245002132 | D78: Yuvanitha A R | E78: yuvanitha2410990@ssn.edu.in | F78: A | G78: A | H78: A | I78: A | J78: P | BJ78: =COUNTIF(F78:BI78,"P") | BK78: =SUM((BJ78/BJ12)*100)
A79: 67 | B79: 2412049 | C79: 3122245002304 | D79: Darshan S S | E79: darshan2412049@ssn.edu.in | F79: A | G79: A | H79: A | I79: A | J79: P | BJ79: =COUNTIF(F79:BI79,"P") | BK79: =SUM((BJ79/BJ12)*100)
A80: 68 | B80: 2412046 | C80: 3122245002307 | D80: Manojkumar G | E80: manojkumar2412046@ssn.edu.in | F80: P | G80: P | H80: A | I80: A | J80: P | BJ80: =COUNTIF(F80:BI80,"P") | BK80: =SUM((BJ80/BJ12)*100)
A81: 69 | B81: 2412010 | C81: 3122245002308 | D81: Rhea Jenifer P | E81: rheajenifer2412010@ssn.edu.in | F81: A | G81: A | H81: A | I81: A | J81: P | BJ81: =COUNTIF(F81:BI81,"P") | BK81: =SUM((BJ81/BJ12)*100)
A82: 70 | B82: 2412073 | C82: 3122245002309 | D82: Sadhika T S | E82: sadhika2412073@ssn.edu.in | F82: A | G82: A | H82: P | I82: P | J82: P | BJ82: =COUNTIF(F82:BI82,"P") | BK82: =SUM((BJ82/BJ12)*100)
A83: 71 | B83: 2412001 | C83: 3122245002310 | D83: Sundararajan R | E83: sundararajan2412001@ssn.edu.in | F83: P | G83: P | H83: P | I83: P | J83: A
E91: Total No. of Students | F91: 71 | J91: 71
E92: Total No. of Presentees | F92: =COUNTIF(F13:F82,"P") | J92: =COUNTIF(J13:J83,"P")
E93: Total No. of Absentees | F93: =COUNTIF(F13:F82,"A") | J93: =COUNTIF(J13:J83,"A")
E94: Presentees Percentage | F94: =SUM((F92/F91)*100) | J94: =SUM((J92/J91)*100)
E95: Absentees Percentage | F95: =SUM((F93/F91)*100) | J95: =SUM((J93/J91)*100)

Sheet UIT3562
A1: Sri Sivasubramaniya Nadar College of Engineering, Kalavakkam - 603 110
A2: Department of Information Technology
A3: ATTENDANCE SHEET
A4: Class & Section : V SEM IT B
A5: Academic Year: 2026-2027 | AY5: Batch : 2024-28
A7: Sub Code & Sub Name : UIT3562 - Principles of Operating Systems | AX7: ug2024-it@ssn.edu.in
A8: Staff Name : Dr. I. Joe Louis Paul
F10: Mark "P" for presentees , "A" for absentees
A11: S.No | B11: Digital Id | C11: Register Number | D11: Name as per 12th Mark Sheet | E11: SSN Email ID | F11: Date
F12: 29/06/26 1st Hour | G12: 30/06/26 4th Hour | H12: 01/07/26 3rd Hour | I12: 13/07/26 1st Hour | J12: 13/07/26 2nd Hour | K12: 14/07/26 4th Hour | L12: 15/07/26 3rd Hour | M12: 15/07/26 4th Hour | N12: 20/07 1st Hour | O12: 21/07 4th Hour | P12: 22/07 3rd Hour | Q12: 27/07 1st Hour | R12: 28/07 4th Hour | S12: 29/07 3rd Hour | T12: 03/08 1st Hour | U12: 04/08 4th Hour | V12: 11/08 4th Hour | W12: 12/08 3rd Hour | X12: 17/08 1st Hour | BL12: =COUNTA(F12:BK12)
A13: 1 | B13: 2410606 | C13: 3122245002067 | D13: Pragalya T | E13: pragalya2410606@ssn.edu.in | F13: A | G13: P | H13: P | I13: P | J13: P | K13: P | L13: P | M13: P | N13: A | O13: P | P13: P | Q13: P | R13: P | S13: P | T13: A | U13: P | V13: P | W13: A | X13: A | BL13: =COUNTIF(F13:BK13,"P") | BM13: =SUM((BL13/BL12)*100)
A14: 2 | B14: 2410674 | C14: 3122245002068 | D14: Praghathish G T | E14: praghathish2410674@ssn.edu.in | F14: P | G14: P | H14: P | I14: P | J14: P | K14: P | L14: P | M14: P | N14: A | O14: P | P14: A | Q14: P | R14: P | S14: P | T14: P | U14: P | V14: P | W14: A | X14: P | BL14: =COUNTIF(F14:BK14,"P") | BM14: =SUM((BL14/BL12)*100)
A15: 3 | B15: 2410080 | C15: 3122245002069 | D15: Pranav C K | E15: pranav2410080@ssn.edu.in | F15: P | G15: A | H15: A | I15: P | J15: P | K15: P | L15: A | M15: A | N15: A | O15: P | P15: A | Q15: A | R15: A | S15: P | T15: A | U15: P | V15: P | W15: A | X15: A | BL15: =COUNTIF(F15:BK15,"P") | BM15: =SUM((BL15/BL12)*100)
A16: 4 | B16: 2410328 | C16: 3122245002070 | D16: Pranav Vasudevan | E16: pranav2410328@ssn.edu.in | F16: P | G16: P | H16: P | I16: A | J16: A | K16: A | L16: P | M16: P | N16: A | O16: P | P16: P | Q16: A | R16: P | S16: P | T16: A | U16: P | V16: P | W16: A | X16: P | BL16: =COUNTIF(F16:BK16,"P") | BM16: =SUM((BL16/BL12)*100)
A17: 5 | B17: 2410738 | C17: 3122245002071 | D17: Radhakrishnan M | E17: radhakrishnan2410738@ssn.edu.in | F17: P | G17: P | H17: A | I17: P | J17: P | K17: A | L17: P | M17: P | N17: A | O17: P | P17: P | Q17: P | R17: P | S17: A | T17: A | U17: A | V17: A | W17: A | X17: P | BL17: =COUNTIF(F17:BK17,"P") | BM17: =SUM((BL17/BL12)*100)
A18: 6 | B18: 2410786 | C18: 3122245002072 | D18: Raghul Krishna V | E18: raghulkrishna2410786@ssn.edu.in | F18: P | G18: A | H18: P | I18: A | J18: A | K18: P | L18: P | M18: P | N18: A | O18: P | P18: P | Q18: P | R18: P | S18: P | T18: P | U18: A | V18: P | W18: P | X18: P | BL18: =COUNTIF(F18:BK18,"P") | BM18: =SUM((BL18/BL12)*100)
A19: 7 | B19: 2410441 | C19: 3122245002073 | D19: Ragul A | E19: ragul2410441@ssn.edu.in | F19: P | G19: P | H19: P | I19: P | J19: P | K19: P | L19: P | M19: P | N19: A | O19: P | P19: P | Q19: P | R19: P | S19: P | T19: P | U19: P | V19: P | W19: P | X19: A | BL19: =COUNTIF(F19:BK19,"P") | BM19: =SUM((BL19/BL12)*100)
A20: 8 | B20: 2410834 | C20: 3122245002074 | D20: Ragunandhan M | E20: ragunandhan2410834@ssn.edu.in | F20: P | G20: P | H20: P | I20: P | J20: P | K20: P | L20: P | M20: P | N20: P | O20: P | P20: P | Q20: P | R20: P | S20: P | T20: P | U20: P | V20: P | W20: P | X20: P | BL20: =COUNTIF(F20:BK20,"P") | BM20: =SUM((BL20/BL12)*100)
A21: 9 | B21: 2410098 | C21: 3122245002075 | D21: Rajkumar M | E21: rajkumar2410098@ssn.edu.in | F21: P | G21: P | H21: P | I21: P | J21: P | K21: P | L21: A | M21: A | N21: A | O21: P | P21: P | Q21: P | R21: A | S21: A | T21: P | U21: P | V21: P | W21: A | X21: A | BL21: =COUNTIF(F21:BK21,"P") | BM21: =SUM((BL21/BL12)*100)
A22: 10 | B22: 2410632 | C22: 3122245002076 | D22: Ramakrishnan M R | E22: ramakrishnan2410632@ssn.edu.in | F22: P | G22: P | H22: P | I22: P | J22: P | K22: P | L22: A | M22: A | N22: P | O22: P | P22: P | Q22: P | R22: P | S22: P | T22: P | U22: P | V22: P | W22: A | X22: P | BL22: =COUNTIF(F22:BK22,"P") | BM22: =SUM((BL22/BL12)*100)
A23: 11 | B23: 2410313 | C23: 3122245002077 | D23: Raveena V K | E23: raveena2410313@ssn.edu.in | F23: P | G23: A | H23: A | I23: P | J23: P | K23: P | L23: A | M23: A | N23: A | O23: P | P23: P | Q23: P | R23: P | S23: A | T23: P | U23: A | V23: P | W23: A | X23: A | BL23: =COUNTIF(F23:BK23,"P") | BM23: =SUM((BL23/BL12)*100)
A24: 12 | B24: 2410581 | C24: 3122245002078 | D24: Ridhi R | E24: ridhi2410581@ssn.edu.in | F24: P | G24: P | H24: P | I24: P | J24: P | K24: P | L24: P | M24: P | N24: A | O24: P | P24: P | Q24: P | R24: P | S24: A | T24: A | U24: P | V24: P | W24: A | X24: P | BL24: =COUNTIF(F24:BK24,"P") | BM24: =SUM((BL24/BL12)*100)
A25: 13 | B25: 2410343 | C25: 3122245002079 | D25: Rishikumar Pitchiah Kalyanakumar | E25: rishikumar2410343@ssn.edu.in | F25: P | G25: P | H25: A | I25: P | J25: P | K25: P | L25: A | M25: A | N25: P | O25: P | P25: P | Q25: P | R25: P | S25: A | T25: P | U25: P | V25: P | W25: A | X25: A | BL25: =COUNTIF(F25:BK25,"P") | BM25: =SUM((BL25/BL12)*100)
A26: 14 | B26: 2410308 | C26: 3122245002080 | D26: Rithin Asvathama V | E26: rithinasvathama2410308@ssn.edu.in | F26: P | G26: P | H26: A | I26: P | J26: P | K26: P | L26: P | M26: P | N26: A | O26: A | P26: P | Q26: P | R26: P | S26: A | T26: P | U26: P | V26: P | W26: A | X26: P | BL26: =COUNTIF(F26:BK26,"P") | BM26: =SUM((BL26/BL12)*100)
A27: 15 | B27: 2410445 | C27: 3122245002081 | D27: Ritvik Kumar T | E27: ritvikkumar2410445@ssn.edu.in | F27: P | G27: P | H27: P | I27: P | J27: P | K27: P | L27: P | M27: P | N27: P | O27: P | P27: P | Q27: P | R27: P | S27: P | T27: P | U27: P | V27: P | W27: P | X27: P | BL27: =COUNTIF(F27:BK27,"P") | BM27: =SUM((BL27/BL12)*100)
A28: 16 | B28: 2410230 | C28: 3122245002082 | D28: Roja Sri R | E28: rojasri2410230@ssn.edu.in | F28: P | G28: P | H28: P | I28: P | J28: P | K28: P | L28: P | M28: P | N28: A | O28: P | P28: P | Q28: P | R28: P | S28: P | T28: P | U28: P | V28: P | W28: A | X28: P | BL28: =COUNTIF(F28:BK28,"P") | BM28: =SUM((BL28/BL12)*100)
A29: 17 | B29: 2410331 | C29: 3122245002083 | D29: Rovena Madharasi I | E29: rovenamadharasi2410331@ssn.edu.in | F29: P | G29: P | H29: P | I29: P | J29: P | K29: P | L29: P | M29: P | N29: P | O29: P | P29: P | Q29: P | R29: P | S29: P | T29: A | U29: P | V29: P | W29: A | X29: P | BL29: =COUNTIF(F29:BK29,"P") | BM29: =SUM((BL29/BL12)*100)
A30: 18 | B30: 2410229 | C30: 3122245002084 | D30: Sabarish S B | E30: sabarish2410229@ssn.edu.in | F30: P | G30: P | H30: P | I30: P | J30: P | K30: P | L30: P | M30: P | N30: A | O30: P | P30: P | Q30: P | R30: P | S30: A | T30: A | U30: P | V30: P | W30: A | X30: A | BL30: =COUNTIF(F30:BK30,"P") | BM30: =SUM((BL30/BL12)*100)
A31: 19 | B31: 2410984 | C31: 3122245002085 | D31: Sahana A | E31: sahana2410984@ssn.edu.in | F31: P | G31: P | H31: A | I31: P | J31: P | K31: A | L31: P | M31: P | N31: A | O31: P | P31: P | Q31: A | R31: P | S31: P | T31: P | U31: P | V31: A | W31: P | X31: P | BL31: =COUNTIF(F31:BK31,"P") | BM31: =SUM((BL31/BL12)*100)
A32: 20 | B32: 2410091 | C32: 3122245002086 | D32: Sandhya B | E32: sandhya2410091@ssn.edu.in | F32: P | G32: P | H32: P | I32: P | J32: P | K32: P | L32: P | M32: P | N32: A | O32: P | P32: P | Q32: P | R32: P | S32: P | T32: A | U32: P | V32: P | W32: P | X32: P | BL32: =COUNTIF(F32:BK32,"P") | BM32: =SUM((BL32/BL12)*100)
A33: 21 | B33: 2410706 | C33: 3122245002087 | D33: Sandhya S | E33: sandhya2410706@ssn.edu.in | F33: P | G33: P | H33: P | I33: P | J33: P | K33: P | L33: A | M33: A | N33: A | O33: P | P33: A | Q33: P | R33: P | S33: P | T33: P | U33: P | V33: A | W33: P | X33: A | BL33: =COUNTIF(F33:BK33,"P") | BM33: =SUM((BL33/BL12)*100)
A34: 22 | B34: 2410778 | C34: 3122245002088 | D34: Sangaraju Sathwik | E34: sangaraju2410778@ssn.edu.in | F34: P | G34: P | H34: A | I34: P | J34: P | K34: A | L34: A | M34: A | N34: A | O34: P | P34: A | Q34: A | R34: P | S34: A | T34: P | U34: A | V34: P | W34: A | X34: A | BL34: =COUNTIF(F34:BK34,"P") | BM34: =SUM((BL34/BL12)*100)
A35: 23 | B35: 2410162 | C35: 3122245002089 | D35: Sanjana Shankar | E35: sanjana2410162@ssn.edu.in | F35: P | G35: P | H35: A | I35: A | J35: A | K35: A | L35: A | M35: A | N35: A | O35: P | P35: P | Q35: P | R35: A | S35: A | T35: A | U35: A | V35: A | W35: A | X35: P | BL35: =COUNTIF(F35:BK35,"P") | BM35: =SUM((BL35/BL12)*100)
A36: 24 | B36: 2410514 | C36: 3122245002090 | D36: Sanjay J | E36: sanjay2410514@ssn.edu.in | F36: P | G36: P | H36: A | I36: A | J36: A | K36: P | L36: P | M36: P | N36: A | O36: P | P36: A | Q36: P | R36: P | S36: P | T36: A | U36: P | V36: P | W36: A | X36: A | BL36: =COUNTIF(F36:BK36,"P") | BM36: =SUM((BL36/BL12)*100)
A37: 25 | B37: 2410068 | C37: 3122245002091 | D37: Sanjay Raam S | E37: sanjayraam2410068@ssn.edu.in | F37: P | G37: P | H37: P | I37: A | J37: A | K37: A | L37: A | M37: A | N37: A | O37: A | P37: A | Q37: P | R37: P | S37: P | T37: A | U37: A | V37: P | W37: A | X37: P | BL37: =COUNTIF(F37:BK37,"P") | BM37: =SUM((BL37/BL12)*100)
A38: 26 | B38: 2410185 | C38: 3122245002092 | D38: Sanjay T | E38: sanjay2410185@ssn.edu.in | F38: P | G38: P | H38: P | I38: P | J38: P | K38: A | L38: A | M38: A | N38: A | O38: P | P38: P | Q38: P | R38: P | S38: P | T38: A | U38: P | V38: A | W38: A | X38: P | BL38: =COUNTIF(F38:BK38,"P") | BM38: =SUM((BL38/BL12)*100)
A39: 27 | B39: 2410988 | C39: 3122245002093 | D39: Santhosh Aaron C | E39: santhosh2410988@ssn.edu.in | F39: P | G39: P | H39: P | I39: A | J39: A | K39: P | L39: P | M39: P | N39: A | O39: P | P39: A | Q39: P | R39: P | S39: P | T39: A | U39: P | V39: P | W39: A | X39: A | BL39: =COUNTIF(F39:BK39,"P") | BM39: =SUM((BL39/BL12)*100)
A40: 28 | B40: 2410488 | C40: 3122245002094 | D40: Sarvesh K | E40: sarvesh2410488@ssn.edu.in | F40: P | G40: P | H40: A | I40: P | J40: P | K40: P | L40: P | M40: P | N40: A | O40: P | P40: P | Q40: A | R40: P | S40: A | T40: P | U40: P | V40: P | W40: P | X40: A | BL40: =COUNTIF(F40:BK40,"P") | BM40: =SUM((BL40/BL12)*100)
A41: 29 | B41: 2410076 | C41: 3122245002095 | D41: Sarvesh S | E41: sarvesh2410076@ssn.edu.in | F41: P | G41: P | H41: P | I41: P | J41: P | K41: P | L41: P | M41: P | N41: P | O41: P | P41: A | Q41: P | R41: P | S41: A | T41: A | U41: P | V41: P | W41: P | X41: P | BL41: =COUNTIF(F41:BK41,"P") | BM41: =SUM((BL41/BL12)*100)
A42: 30 | B42: 2410740 | C42: 3122245002096 | D42: Sarvesh S | E42: sarvesh2410740@ssn.edu.in | F42: P | G42: P | H42: P | I42: P | J42: P | K42: P | L42: P | M42: P | N42: A | O42: P | P42: A | Q42: P | R42: P | S42: P | T42: A | U42: P | V42: P | W42: P | X42: P | BL42: =COUNTIF(F42:BK42,"P") | BM42: =SUM((BL42/BL12)*100)
A43: 31 | B43: 2410118 | C43: 3122245002097 | D43: Sathvik Gururaghavendran | E43: sathvik2410118@ssn.edu.in | F43: P | G43: A | H43: A | I43: A | J43: A | K43: P | L43: A | M43: A | N43: P | O43: P | P43: A | Q43: A | R43: A | S43: P | T43: A | U43: A | V43: A | W43: A | X43: A | BL43: =COUNTIF(F43:BK43,"P") | BM43: =SUM((BL43/BL12)*100)
A44: 32 | B44: 2410486 | C44: 3122245002098 | D44: Shalini G | E44: shalini2410486@ssn.edu.in | F44: P | G44: A | H44: P | I44: A | J44: A | K44: A | L44: P | M44: P | N44: A | O44: A | P44: A | Q44: A | R44: A | S44: A | T44: A | U44: A | V44: A | W44: A | X44: A | BL44: =COUNTIF(F44:BK44,"P") | BM44: =SUM((BL44/BL12)*100)
A45: 33 | B45: 2410569 | C45: 3122245002099 | D45: Sharaal Jospeen Rani S | E45: sharaaljospeenrani2410569@ssn.edu.in | F45: P | G45: P | H45: P | I45: P | J45: P | K45: P | L45: P | M45: P | N45: A | O45: P | P45: P | Q45: P | R45: P | S45: P | T45: A | U45: P | V45: P | W45: A | X45: A | BL45: =COUNTIF(F45:BK45,"P") | BM45: =SUM((BL45/BL12)*100)
A46: 34 | B46: 2410047 | C46: 3122245002100 | D46: Shashank V | E46: shashank2410047@ssn.edu.in | F46: P | G46: P | H46: A | I46: P | J46: P | K46: P | L46: A | M46: A | N46: P | O46: A | P46: A | Q46: P | R46: A | S46: P | T46: A | U46: A | V46: A | W46: A | X46: P | BL46: =COUNTIF(F46:BK46,"P") | BM46: =SUM((BL46/BL12)*100)
A47: 35 | B47: 2410184 | C47: 3122245002101 | D47: Shree M | E47: shree2410184@ssn.edu.in | F47: P | G47: P | H47: A | I47: P | J47: P | K47: P | L47: A | M47: A | N47: A | O47: P | P47: A | Q47: A | R47: P | S47: P | T47: A | U47: A | V47: p | W47: A | X47: P | BL47: =COUNTIF(F47:BK47,"P") | BM47: =SUM((BL47/BL13)*100)
A48: 36 | B48: 2410214 | C48: 3122245002102 | D48: Shrika Neeharika C | E48: shrikaneeharika2410214@ssn.edu.in | F48: P | G48: P | H48: P | I48: P | J48: P | K48: P | L48: P | M48: P | N48: A | O48: P | P48: P | Q48: A | R48: P | S48: P | T48: P | U48: A | V48: P | W48: A | X48: P | BL48: =COUNTIF(F48:BK48,"P") | BM48: =SUM((BL48/BL12)*100)
A49: 37 | B49: 2410072 | C49: 3122245002103 | D49: Shrish V V S Sri Kumar Rasamsetty | E49: shrish2410072@ssn.edu.in | F49: P | G49: A | H49: P | I49: P | J49: P | K49: P | L49: P | M49: P | N49: P | O49: P | P49: P | Q49: P | R49: P | S49: P | T49: P | U49: P | V49: P | W49: P | X49: P | BL49: =COUNTIF(F49:BK49,"P") | BM49: =SUM((BL49/BL12)*100)
A50: 38 | B50: 2410533 | C50: 3122245002104 | D50: Shyam T J | E50: shyam2410533@ssn.edu.in | F50: P | G50: P | H50: P | I50: P | J50: P | K50: P | L50: P | M50: P | N50: A | O50: P | P50: P | Q50: P | R50: P | S50: P | T50: P | U50: P | V50: P | W50: P | X50: P | BL50: =COUNTIF(F50:BK50,"P") | BM50: =SUM((BL50/BL12)*100)
A51: 39 | B51: 2410457 | C51: 3122245002105 | D51: Siva Hari Raj S T | E51: sivahariraj2410457@ssn.edu.in | F51: P | G51: P | H51: P | I51: P | J51: P | K51: P | L51: A | M51: A | N51: A | O51: P | P51: P | Q51: P | R51: P | S51: A | T51: A | U51: P | V51: P | W51: A | X51: A | BL51: =COUNTIF(F51:BK51,"P") | BM51: =SUM((BL51/BL12)*100)
A52: 40 | B52: 2410759 | C52: 3122245002106 | D52: Sivaprasanth K | E52: sivaprasanth2410759@ssn.edu.in | F52: P | G52: P | H52: P | I52: A | J52: A | K52: A | L52: P | M52: P | N52: A | O52: P | P52: P | Q52: P | R52: A | S52: A | T52: P | U52: P | V52: P | W52: P | X52: A | BL52: =COUNTIF(F52:BK52,"P") | BM52: =SUM((BL52/BL12)*100)
A53: 41 | B53: 2410530 | C53: 3122245002107 | D53: Sreenath G | E53: sreenath2410530@ssn.edu.in | F53: P | G53: P | H53: P | I53: P | J53: P | K53: P | L53: P | M53: P | N53: A | O53: P | P53: P | Q53: P | R53: P | S53: P | T53: P | U53: P | V53: P | W53: A | X53: P | BL53: =COUNTIF(F53:BK53,"P") | BM53: =SUM((BL53/BL12)*100)
A54: 42 | B54: 2410089 | C54: 3122245002108 | D54: Sri Subhiksha T | E54: sri2410089@ssn.edu.in | F54: P | G54: P | H54: P | I54: P | J54: P | K54: P | L54: P | M54: P | N54: A | O54: P | P54: P | Q54: P | R54: P | S54: P | T54: A | U54: P | V54: A | W54: P | X54: P | BL54: =COUNTIF(F54:BK54,"P") | BM54: =SUM((BL54/BL12)*100)
A55: 43 | B55: 2410307 | C55: 3122245002109 | D55: Srimathi B | E55: srimathi2410307@ssn.edu.in | F55: P | G55: P | H55: P | I55: P | J55: P | K55: P | L55: P | M55: P | N55: A | O55: P | P55: A | Q55: P | R55: P | S55: P | T55: A | U55: P | V55: P | W55: A | X55: P | BL55: =COUNTIF(F55:BK55,"P") | BM55: =SUM((BL55/BL12)*100)
A56: 44 | B56: 2410315 | C56: 3122245002110 | D56: Sriram R | E56: sriram2410315@ssn.edu.in | F56: P | G56: P | H56: A | I56: P | J56: P | K56: P | L56: P | M56: P | N56: A | O56: P | P56: A | Q56: P | R56: A | S56: P | T56: P | U56: P | V56: P | W56: A | X56: A | BL56: =COUNTIF(F56:BK56,"P") | BM56: =SUM((BL56/BL12)*100)
A57: 45 | B57: 2410777 | C57: 3122245002111 | D57: Srivarshan S | E57: srivarshan2410777@ssn.edu.in | F57: P | G57: P | H57: P | I57: P | J57: P | K57: P | L57: A | M57: A | N57: A | O57: P | P57: P | Q57: A | R57: P | S57: A | T57: A | U57: P | V57: P | W57: A | X57: P | BL57: =COUNTIF(F57:BK57,"P") | BM57: =SUM((BL57/BL12)*100)
A58: 46 | B58: 2410345 | C58: 3122245002112 | D58: Srivathsan G | E58: srivathsan2410345@ssn.edu.in | F58: P | G58: P | H58: P | I58: A | J58: A | K58: P | L58: P | M58: P | N58: P | O58: P | P58: A | Q58: P | R58: P | S58: A | T58: P | U58: P | V58: P | W58: A | X58: P | BL58: =COUNTIF(F58:BK58,"P") | BM58: =SUM((BL58/BL12)*100)
A59: 47 | B59: 2410867 | C59: 3122245002113 | D59: Sudharsan S | E59: sudharsan2410867@ssn.edu.in | F59: P | G59: P | H59: P | I59: P | J59: P | K59: P | L59: P | M59: P | N59: A | O59: A | P59: A | Q59: A | R59: A | S59: A | T59: P | U59: P | V59: P | W59: P | X59: A | BL59: =COUNTIF(F59:BK59,"P") | BM59: =SUM((BL59/BL12)*100)
A60: 48 | B60: 2410309 | C60: 3122245002114 | D60: Sunitha Adluru | E60: sunitha2410309@ssn.edu.in | F60: P | G60: P | H60: P | I60: P | J60: P | K60: A | L60: P | M60: P | N60: A | O60: P | P60: P | Q60: A | R60: P | S60: P | T60: A | U60: P | V60: A | W60: A | X60: P | BL60: =COUNTIF(F60:BK60,"P") | BM60: =SUM((BL60/BL12)*100)
A61: 49 | B61: 2410404 | C61: 3122245002115 | D61: Supritha R | E61: supritha2410404@ssn.edu.in | F61: P | G61: P | H61: P | I61: P | J61: P | K61: P | L61: P | M61: P | N61: A | O61: P | P61: P | Q61: P | R61: P | S61: A | T61: P | U61: P | V61: P | W61: A | X61: A | BL61: =COUNTIF(F61:BK61,"P") | BM61: =SUM((BL61/BL12)*100)
A62: 50 | B62: 2410239 | C62: 3122245002116 | D62: Sweta Sri P | E62: swetasri2410239@ssn.edu.in | F62: P | G62: P | H62: P | I62: P | J62: P | K62: P | L62: P | M62: P | N62: A | O62: P | P62: P | Q62: P | R62: P | S62: P | T62: A | U62: P | V62: P | W62: A | X62: P | BL62: =COUNTIF(F62:BK62,"P") | BM62: =SUM((BL62/BL12)*100)
A63: 51 | B63: 2410247 | C63: 3122245002117 | D63: Tejaswin Bhola | E63: tejaswin2410247@ssn.edu.in | F63: P | G63: P | H63: P | I63: P | J63: P | K63: P | L63: P | M63: P | N63: A | O63: P | P63: P | Q63: A | R63: P | S63: P | T63: A | U63: P | V63: P | W63: A | X63: P | BL63: =COUNTIF(F63:BK63,"P") | BM63: =SUM((BL63/BL12)*100)
A64: 52 | B64: 2410699 | C64: 3122245002118 | D64: Thamizhini R | E64: thamizhini2410699@ssn.edu.in | F64: P | G64: P | H64: A | I64: A | J64: A | K64: A | L64: P | M64: P | N64: A | O64: P | P64: P | Q64: P | R64: P | S64: P | T64: A | U64: P | V64: P | W64: A | X64: P | BL64: =COUNTIF(F64:BK64,"P") | BM64: =SUM((BL64/BL12)*100)
A65: 53 | B65: 2410405 | C65: 3122245002119 | D65: Tharun Balaji M | E65: tharunbalaji2410405@ssn.edu.in | F65: P | G65: P | H65: P | I65: P | J65: P | K65: P | L65: P | M65: P | N65: A | O65: P | P65: A | Q65: A | R65: P | S65: P | T65: P | U65: A | V65: P | W65: P | X65: P | BL65: =COUNTIF(F65:BK65,"P") | BM65: =SUM((BL65/BL12)*100)
A66: 54 | B66: 2410785 | C66: 3122245002120 | D66: Thavasi M | E66: thavasi2410785@ssn.edu.in | F66: P | G66: P | H66: P | I66: P | J66: P | K66: P | L66: A | M66: A | N66: P | O66: P | P66: A | Q66: P | R66: P | S66: P | T66: P | U66: P | V66: P | W66: P | X66: A | BL66: =COUNTIF(F66:BK66,"P") | BM66: =SUM((BL66/BL12)*100)
A67: 55 | B67: 2410584 | C67: 3122245002121 | D67: Thirukkumaran V M | E67: thirukkumaran2410584@ssn.edu.in | F67: P | G67: P | H67: P | I67: P | J67: P | K67: P | L67: P | M67: P | N67: P | O67: P | P67: P | Q67: P | R67: P | S67: P | T67: A | U67: P | V67: A | W67: P | X67: P | BL67: =COUNTIF(F67:BK67,"P") | BM67: =SUM((BL67/BL12)*100)
A68: 56 | B68: 2410413 | C68: 3122245002122 | D68: Varsha M | E68: varsha2410413@ssn.edu.in | F68: P | G68: P | H68: P | I68: P | J68: P | K68: P | L68: P | M68: P | N68: A | O68: P | P68: P | Q68: P | R68: P | S68: A | T68: P | U68: P | V68: P | W68: P | X68: A | BL68: =COUNTIF(F68:BK68,"P") | BM68: =SUM((BL68/BL12)*100)
A69: 57 | B69: 2410848 | C69: 3122245002123 | D69: Varsha S | E69: varsha2410848@ssn.edu.in | F69: P | G69: P | H69: P | I69: A | J69: A | K69: P | L69: A | M69: A | N69: P | O69: A | P69: A | Q69: A | R69: A | S69: A | T69: P | U69: A | V69: A | W69: A | X69: A | BL69: =COUNTIF(F69:BK69,"P") | BM69: =SUM((BL69/BL12)*100)
A70: 58 | B70: 2410804 | C70: 3122245002124 | D70: Vijai T | E70: vijai2410804@ssn.edu.in | F70: P | G70: P | H70: P | I70: P | J70: P | K70: P | L70: P | M70: P | N70: P | O70: P | P70: A | Q70: A | R70: P | S70: A | T70: A | U70: A | V70: P | W70: A | X70: P | BL70: =COUNTIF(F70:BK70,"P") | BM70: =SUM((BL70/BL12)*100)
A71: 59 | B71: 2410586 | C71: 3122245002125 | D71: Vimal Raj M | E71: vimalraj2410586@ssn.edu.in | F71: P | G71: P | H71: P | I71: P | J71: P | K71: P | L71: P | M71: P | N71: A | O71: P | P71: P | Q71: A | R71: P | S71: A | T71: A | U71: A | V71: P | W71: A | X71: A | BL71: =COUNTIF(F71:BK71,"P") | BM71: =SUM((BL71/BL12)*100)
A72: 60 | B72: 2410781 | C72: 3122245002126 | D72: Vinobalan K | E72: vinobalan2410781@ssn.edu.in | F72: P | G72: P | H72: P | I72: P | J72: P | K72: P | L72: P | M72: P | N72: P | O72: P | P72: P | Q72: P | R72: P | S72: P | T72: A | U72: A | V72: P | W72: A | X72: P | BL72: =COUNTIF(F72:BK72,"P") | BM72: =SUM((BL72/BL12)*100)
A73: 61 | B73: 2410739 | C73: 3122245002127 | D73: Vishnu A | E73: vishnu2410739@ssn.edu.in | F73: P | G73: P | H73: P | I73: P | J73: P | K73: P | L73: P | M73: P | N73: A | O73: P | P73: P | Q73: P | R73: P | S73: P | T73: P | U73: P | V73: P | W73: A | X73: A | BL73: =COUNTIF(F73:BK73,"P") | BM73: =SUM((BL73/BL12)*100)
A74: 62 | B74: 2410079 | C74: 3122245002128 | D74: Yasasvini Tiwari | E74: yasasvini2410079@ssn.edu.in | F74: P | G74: A | H74: A | I74: A | J74: A | K74: P | L74: P | M74: P | N74: A | O74: P | P74: P | Q74: P | R74: P | S74: P | T74: P | U74: P | V74: P | W74: P | X74: P | BL74: =COUNTIF(F74:BK74,"P") | BM74: =SUM((BL74/BL12)*100)
A75: 63 | B75: 2410480 | C75: 3122245002129 | D75: Yashwanth B | E75: yashwanth2410480@ssn.edu.in | F75: P | G75: A | H75: P | I75: P | J75: P | K75: P | L75: P | M75: P | N75: A | O75: P | P75: A | Q75: P | R75: P | S75: P | T75: P | U75: P | V75: P | W75: A | X75: A | BL75: =COUNTIF(F75:BK75,"P") | BM75: =SUM((BL75/BL12)*100)
A76: 64 | B76: 2410433 | C76: 3122245002130 | D76: Yashwanth R | E76: yashwanth2410433@ssn.edu.in | F76: P | G76: A | H76: A | I76: P | J76: P | K76: P | L76: P | M76: P | N76: A | O76: P | P76: P | Q76: P | R76: P | S76: A | T76: A | U76: P | V76: P | W76: A | X76: P | BL76: =COUNTIF(F76:BK76,"P") | BM76: =SUM((BL76/BL12)*100)
A77: 65 | B77: 2410096 | C77: 3122245002131 | D77: Yasmithasri B | E77: yasmithasri2410096@ssn.edu.in | F77: P | G77: P | H77: P | I77: P | J77: P | K77: P | L77: P | M77: P | N77: A | O77: P | P77: P | Q77: A | R77: P | S77: P | T77: P | U77: P | V77: P | W77: P | X77: A | BL77: =COUNTIF(F77:BK77,"P") | BM77: =SUM((BL77/BL12)*100)
A78: 66 | B78: 2410990 | C78: 3122245002132 | D78: Yuvanitha A R | E78: yuvanitha2410990@ssn.edu.in | F78: P | G78: P | H78: P | I78: P | J78: P | K78: P | L78: P | M78: P | N78: A | O78: P | P78: P | Q78: A | R78: P | S78: P | T78: P | U78: P | V78: A | W78: P | X78: A | BL78: =COUNTIF(F78:BK78,"P") | BM78: =SUM((BL78/BL12)*100)
A79: 67 | B79: 2412049 | C79: 3122245002304 | D79: Darshan S S | E79: darshan2412049@ssn.edu.in | F79: P | G79: A | H79: A | I79: P | J79: P | K79: A | L79: A | M79: A | N79: P | O79: P | P79: A | Q79: P | R79: P | S79: A | T79: A | U79: A | V79: P | W79: P | X79: A | BL79: =COUNTIF(F79:BK79,"P") | BM79: =SUM((BL79/BL12)*100)
A80: 68 | B80: 2412046 | C80: 3122245002307 | D80: Manojkumar G | E80: manojkumar2412046@ssn.edu.in | F80: P | G80: P | H80: P | I80: P | J80: P | K80: P | L80: A | M80: A | N80: P | O80: A | P80: P | Q80: P | R80: P | S80: P | T80: A | U80: A | V80: P | W80: P | X80: P | BL80: =COUNTIF(F80:BK80,"P") | BM80: =SUM((BL80/BL12)*100)
A81: 69 | B81: 2412010 | C81: 3122245002308 | D81: Rhea Jenifer P | E81: rheajenifer2412010@ssn.edu.in | F81: P | G81: P | H81: P | I81: P | J81: P | K81: P | L81: P | M81: P | N81: A | O81: A | P81: A | Q81: A | R81: P | S81: P | T81: A | U81: A | V81: P | W81: P | X81: A | BL81: =COUNTIF(F81:BK81,"P") | BM81: =SUM((BL81/BL12)*100)
A82: 70 | B82: 2412073 | C82: 3122245002309 | D82: Sadhika T S | E82: sadhika2412073@ssn.edu.in | F82: P | G82: P | H82: A | I82: P | J82: P | K82: P | L82: P | M82: P | N82: A | O82: P | P82: P | Q82: P | R82: A | S82: P | T82: A | U82: A | V82: P | W82: P | X82: A | BL82: =COUNTIF(F82:BK82,"P") | BM82: =SUM((BL82/BL12)*100)
A83: 71 | B83: 2412001 | C83: 3122245002310 | D83: Sundararajan R | E83: sundararajan2412001@ssn.edu.in | F83: P | G83: P | H83: P | I83: P | J83: P | K83: P | L83: P | M83: P | N83: P | O83: P | P83: P | Q83: P | R83: P | S83: P | T83: P | U83: P | V83: P | W83: P | X83: P
E91: Total No. of Students | F91: 71 | G91: 71 | H91: 71 | I91: 71 | J91: 71 | K91: 71 | L91: 71 | M91: 71 | N91: 71 | O91: 71 | P91: 71 | Q91: 71 | R91: 71 | S91: 71 | T91: 71 | U91: 71 | V91: 71 | W91: 71 | X91: 71
E92: Total No. of Presentees | F92: =COUNTIF(F13:F83,"P") | G92: =COUNTIF(G13:G83,"P") | H92: =COUNTIF(H13:H83,"P") | I92: =COUNTIF(I13:I83,"P") | J92: =COUNTIF(J13:J83,"P") | K92: =COUNTIF(K13:K83,"P") | L92: =COUNTIF(L13:L83,"P") | M92: =COUNTIF(M13:M83,"P") | ... X92: =COUNTIF(X13:X83,"P")
E93: Total No. of Absentees | F93: =COUNTIF(F13:F83,"A") | G93: =COUNTIF(G13:G83,"A") | H93: =COUNTIF(H13:H83,"A") | I93: =COUNTIF(I13:I83,"A") | J93: =COUNTIF(J13:J83,"A") | K93: =COUNTIF(K13:K83,"A") | L93: =COUNTIF(L13:L83,"A") | M93: =COUNTIF(M13:M83,"A") | ... X93: =COUNTIF(X13:X83,"A")
E94: Presentees Percentage | F94: =SUM((F92/F91)*100) | G94: =SUM((G92/G91)*100) | H94: =SUM((H92/H91)*100) | I94: =SUM((I92/I91)*100) | J94: =SUM((J92/J91)*100) | K94: =SUM((K92/K91)*100) | L94: =SUM((L92/L91)*100) | M94: =SUM((M92/M91)*100) | ... X94: =SUM((X92/X91)*100)
E95: Absentees Percentage | F95: =SUM((F93/F91)*100) | G95: =SUM((G93/G91)*100) | H95: =SUM((H93/H91)*100) | I95: =SUM((I93/I91)*100) | J95: =SUM((J93/J91)*100) | K95: =SUM((K93/K91)*100) | L95: =SUM((L93/L91)*100) | M95: =SUM((M93/M91)*100) | ... X95: =SUM((X93/X91)*100)

Sheet UIT3563
A1: Sri Sivasubramaniya Nadar College of Engineering, Kalavakkam - 603 110
A2: Department of Information Technology
A3: ATTENDANCE SHEET
A4: Class & Section : V SEM IT B
A5: Academic Year: 2026-2027 | AV5: Batch : 2024-28
A7: Sub Code & Sub Name : UIT3563 - Deep Learning Concepts and Architectures | AU7: ug2024-it@ssn.edu.in
A8: Staff Name : Dr. Nepoleon Keisham
F10: Mark "P" for presentees , "A" for absentees
A11: S.No | B11: Digital Id | C11: Register Number | D11: Name as per 12th Mark Sheet | E11: SSN Email ID | F11: Date
F12: 22/06/26 I&II hr | G12: 29/06/26 IIhr | H12: 1/7/26 Ihr | I12: 6/7/2026 Ihr & II hr | J12: 15/7/26 Ihr | K12: 20/7/26 IIhr | L12: 22/7/26 Ihr | M12: 29/7/26 1 hr | N12: 3/8/26 II hr | O12: 12/08/26 I hr | BI12: =COUNTA(F12:BH12)
A13: 1 | B13: 2410606 | C13: 3122245002067 | D13: Pragalya T | E13: pragalya2410606@ssn.edu.in | F13: P | G13: P | H13: P | I13: P | J13: P | K13: A | L13: P | M13: P | N13: A | O13: A | BI13: =COUNTIF(F13:BH13,"P") | BJ13: =SUM((BI13/BI12)*100)
A14: 2 | B14: 2410674 | C14: 3122245002068 | D14: Praghathish G T | E14: praghathish2410674@ssn.edu.in | F14: P | G14: P | H14: P | I14: A | J14: A | K14: A | L14: A | M14: P | N14: P | O14: A | BI14: =COUNTIF(F14:BH14,"P") | BJ14: =SUM((BI14/BI12)*100)
A15: 3 | B15: 2410080 | C15: 3122245002069 | D15: Pranav C K | E15: pranav2410080@ssn.edu.in | F15: P | G15: A | H15: A | I15: A | J15: A | K15: A | L15: A | M15: P | N15: A | O15: A | BI15: =COUNTIF(F15:BH15,"P") | BJ15: =SUM((BI15/BI12)*100)
A16: 4 | B16: 2410328 | C16: 3122245002070 | D16: Pranav Vasudevan | E16: pranav2410328@ssn.edu.in | F16: A | G16: A | H16: P | I16: A | J16: P | K16: A | L16: P | M16: P | N16: A | O16: A | BI16: =COUNTIF(F16:BH16,"P") | BJ16: =SUM((BI16/BI12)*100)
A17: 5 | B17: 2410738 | C17: 3122245002071 | D17: Radhakrishnan M | E17: radhakrishnan2410738@ssn.edu.in | F17: P | G17: P | H17: A | I17: P | J17: P | K17: A | L17: P | M17: A | N17: A | O17: A | BI17: =COUNTIF(F17:BH17,"P") | BJ17: =SUM((BI17/BI12)*100)
A18: 6 | B18: 2410786 | C18: 3122245002072 | D18: Raghul Krishna V | E18: raghulkrishna2410786@ssn.edu.in | F18: P | G18: P | H18: P | I18: P | J18: A | K18: A | L18: P | M18: P | N18: P | O18: P | BI18: =COUNTIF(F18:BH18,"P") | BJ18: =SUM((BI18/BI12)*100)
A19: 7 | B19: 2410441 | C19: 3122245002073 | D19: Ragul A | E19: ragul2410441@ssn.edu.in | F19: P | G19: P | H19: P | I19: A | J19: P | K19: A | L19: P | M19: P | N19: P | O19: P | BI19: =COUNTIF(F19:BH19,"P") | BJ19: =SUM((BI19/BI12)*100)
A20: 8 | B20: 2410834 | C20: 3122245002074 | D20: Ragunandhan M | E20: ragunandhan2410834@ssn.edu.in | F20: P | G20: P | H20: P | I20: P | J20: P | K20: P | L20: P | M20: P | N20: P | O20: P | BI20: =COUNTIF(F20:BH20,"P") | BJ20: =SUM((BI20/BI12)*100)
A21: 9 | B21: 2410098 | C21: 3122245002075 | D21: Rajkumar M | E21: rajkumar2410098@ssn.edu.in | F21: P | G21: A | H21: P | I21: P | J21: A | K21: A | L21: P | M21: A | N21: P | O21: A | BI21: =COUNTIF(F21:BH21,"P") | BJ21: =SUM((BI21/BI12)*100)
A22: 10 | B22: 2410632 | C22: 3122245002076 | D22: Ramakrishnan M R | E22: ramakrishnan2410632@ssn.edu.in | F22: P | G22: P | H22: P | I22: P | J22: A | K22: P | L22: P | M22: P | N22: P | O22: P | BI22: =COUNTIF(F22:BH22,"P") | BJ22: =SUM((BI22/BI12)*100)
A23: 11 | B23: 2410313 | C23: 3122245002077 | D23: Raveena V K | E23: raveena2410313@ssn.edu.in | F23: P | G23: P | H23: A | I23: P | J23: A | K23: A | L23: P | M23: A | N23: P | O23: A | BI23: =COUNTIF(F23:BH23,"P") | BJ23: =SUM((BI23/BI12)*100)
A24: 12 | B24: 2410581 | C24: 3122245002078 | D24: Ridhi R | E24: ridhi2410581@ssn.edu.in | F24: P | G24: P | H24: P | I24: P | J24: P | K24: A | L24: P | M24: A | N24: A | O24: A | BI24: =COUNTIF(F24:BH24,"P") | BJ24: =SUM((BI24/BI12)*100)
A25: 13 | B25: 2410343 | C25: 3122245002079 | D25: Rishikumar Pitchiah Kalyanakumar | E25: rishikumar2410343@ssn.edu.in | F25: A | G25: P | H25: A | I25: A | J25: A | K25: P | L25: P | M25: A | N25: P | O25: P | BI25: =COUNTIF(F25:BH25,"P") | BJ25: =SUM((BI25/BI12)*100)
A26: 14 | B26: 2410308 | C26: 3122245002080 | D26: Rithin Asvathama V | E26: rithinasvathama2410308@ssn.edu.in | F26: A | G26: P | H26: A | I26: P | J26: P | K26: A | L26: P | M26: A | N26: P | O26: A | BI26: =COUNTIF(F26:BH26,"P") | BJ26: =SUM((BI26/BI12)*100)
A27: 15 | B27: 2410445 | C27: 3122245002081 | D27: Ritvik Kumar T | E27: ritvikkumar2410445@ssn.edu.in | F27: P | G27: P | H27: P | I27: A | J27: P | K27: P | L27: P | M27: P | N27: P | O27: P | BI27: =COUNTIF(F27:BH27,"P") | BJ27: =SUM((BI27/BI12)*100)
A28: 16 | B28: 2410230 | C28: 3122245002082 | D28: Roja Sri R | E28: rojasri2410230@ssn.edu.in | F28: P | G28: P | H28: P | I28: A | J28: P | K28: A | L28: P | M28: P | N28: P | O28: A | BI28: =COUNTIF(F28:BH28,"P") | BJ28: =SUM((BI28/BI12)*100)
A29: 17 | B29: 2410331 | C29: 3122245002083 | D29: Rovena Madharasi I | E29: rovenamadharasi2410331@ssn.edu.in | F29: P | G29: P | H29: P | I29: P | J29: P | K29: P | L29: P | M29: P | N29: A | O29: P | BI29: =COUNTIF(F29:BH29,"P") | BJ29: =SUM((BI29/BI12)*100)
A30: 18 | B30: 2410229 | C30: 3122245002084 | D30: Sabarish S B | E30: sabarish2410229@ssn.edu.in | F30: P | G30: P | H30: P | I30: P | J30: P | K30: A | L30: P | M30: A | N30: A | O30: A | BI30: =COUNTIF(F30:BH30,"P") | BJ30: =SUM((BI30/BI12)*100)
A31: 19 | B31: 2410984 | C31: 3122245002085 | D31: Sahana A | E31: sahana2410984@ssn.edu.in | F31: A | G31: P | H31: A | I31: A | J31: P | K31: A | L31: P | M31: P | N31: P | O31: A | BI31: =COUNTIF(F31:BH31,"P") | BJ31: =SUM((BI31/BI12)*100)
A32: 20 | B32: 2410091 | C32: 3122245002086 | D32: Sandhya B | E32: sandhya2410091@ssn.edu.in | F32: P | G32: P | H32: P | I32: A | J32: P | K32: A | L32: P | M32: P | N32: A | O32: P | BI32: =COUNTIF(F32:BH32,"P") | BJ32: =SUM((BI32/BI12)*100)
A33: 21 | B33: 2410706 | C33: 3122245002087 | D33: Sandhya S | E33: sandhya2410706@ssn.edu.in | F33: P | G33: P | H33: P | I33: P | J33: A | K33: A | L33: A | M33: A | N33: P | O33: P | BI33: =COUNTIF(F33:BH33,"P") | BJ33: =SUM((BI33/BI12)*100)
A34: 22 | B34: 2410778 | C34: 3122245002088 | D34: Sangaraju Sathwik | E34: sangaraju2410778@ssn.edu.in | F34: A | G34: P | H34: A | I34: P | J34: A | K34: A | L34: A | M34: A | N34: P | O34: A | BI34: =COUNTIF(F34:BH34,"P") | BJ34: =SUM((BI34/BI12)*100)
A35: 23 | B35: 2410162 | C35: 3122245002089 | D35: Sanjana Shankar | E35: sanjana2410162@ssn.edu.in | F35: P | G35: A | H35: A | I35: A | J35: A | K35: A | L35: P | M35: A | N35: A | O35: A | BI35: =COUNTIF(F35:BH35,"P") | BJ35: =SUM((BI35/BI12)*100)
A36: 24 | B36: 2410514 | C36: 3122245002090 | D36: Sanjay J | E36: sanjay2410514@ssn.edu.in | F36: A | G36: P | H36: A | I36: A | J36: P | K36: A | L36: A | M36: A | N36: A | O36: A | BI36: =COUNTIF(F36:BH36,"P") | BJ36: =SUM((BI36/BI12)*100)
A37: 25 | B37: 2410068 | C37: 3122245002091 | D37: Sanjay Raam S | E37: sanjayraam2410068@ssn.edu.in | F37: P | G37: P | H37: P | I37: A | J37: A | K37: A | L37: A | M37: P | N37: A | O37: A | BI37: =COUNTIF(F37:BH37,"P") | BJ37: =SUM((BI37/BI12)*100)
A38: 26 | B38: 2410185 | C38: 3122245002092 | D38: Sanjay T | E38: sanjay2410185@ssn.edu.in | F38: P | G38: P | H38: P | I38: P | J38: A | K38: A | L38: P | M38: P | N38: A | O38: A | BI38: =COUNTIF(F38:BH38,"P") | BJ38: =SUM((BI38/BI12)*100)
A39: 27 | B39: 2410988 | C39: 3122245002093 | D39: Santhosh Aaron C | E39: santhosh2410988@ssn.edu.in | F39: P | G39: P | H39: P | I39: A | J39: A | K39: A | L39: A | M39: A | N39: A | O39: A | BI39: =COUNTIF(F39:BH39,"P") | BJ39: =SUM((BI39/BI12)*100)
A40: 28 | B40: 2410488 | C40: 3122245002094 | D40: Sarvesh K | E40: sarvesh2410488@ssn.edu.in | F40: P | G40: P | H40: A | I40: P | J40: A | K40: A | L40: P | M40: A | N40: P | O40: P | BI40: =COUNTIF(F40:BH40,"P") | BJ40: =SUM((BI40/BI12)*100)
A41: 29 | B41: 2410076 | C41: 3122245002095 | D41: Sarvesh S | E41: sarvesh2410076@ssn.edu.in | F41: P | G41: P | H41: P | I41: P | J41: P | K41: P | L41: A | M41: A | N41: A | O41: A | BI41: =COUNTIF(F41:BH41,"P") | BJ41: =SUM((BI41/BI12)*100)
A42: 30 | B42: 2410740 | C42: 3122245002096 | D42: Sarvesh S | E42: sarvesh2410740@ssn.edu.in | F42: P | G42: P | H42: P | I42: A | J42: P | K42: A | L42: A | M42: P | N42: A | O42: P | BI42: =COUNTIF(F42:BH42,"P") | BJ42: =SUM((BI42/BI12)*100)
A43: 31 | B43: 2410118 | C43: 3122245002097 | D43: Sathvik Gururaghavendran | E43: sathvik2410118@ssn.edu.in | F43: P | G43: A | H43: A | I43: P | J43: A | K43: P | L43: A | M43: P | N43: A | O43: A | BI43: =COUNTIF(F43:BH43,"P") | BJ43: =SUM((BI43/BI12)*100)
A44: 32 | B44: 2410486 | C44: 3122245002098 | D44: Shalini G | E44: shalini2410486@ssn.edu.in | F44: P | G44: A | H44: P | I44: A | J44: P | K44: A | L44: A | M44: P | N44: A | O44: A | BI44: =COUNTIF(F44:BH44,"P") | BJ44: =SUM((BI44/BI12)*100)
A45: 33 | B45: 2410569 | C45: 3122245002099 | D45: Sharaal Jospeen Rani S | E45: sharaaljospeenrani2410569@ssn.edu.in | F45: P | G45: A | H45: P | I45: P | J45: A | K45: A | L45: P | M45: P | N45: A | O45: A | BI45: =COUNTIF(F45:BH45,"P") | BJ45: =SUM((BI45/BI12)*100)
A46: 34 | B46: 2410047 | C46: 3122245002100 | D46: Shashank V | E46: shashank2410047@ssn.edu.in | F46: A | G46: A | H46: A | I46: P | J46: A | K46: P | L46: A | M46: P | N46: A | O46: P | BI46: =COUNTIF(F46:BH46,"P") | BJ46: =SUM((BI46/BI12)*100)
A47: 35 | B47: 2410184 | C47: 3122245002101 | D47: Shree M | E47: shree2410184@ssn.edu.in | F47: P | G47: P | H47: A | I47: A | J47: A | K47: A | L47: A | M47: A | N47: A | O47: A | BI47: =COUNTIF(F47:BH47,"P") | BJ47: =SUM((BI47/BI13)*100)
A48: 36 | B48: 2410214 | C48: 3122245002102 | D48: Shrika Neeharika C | E48: shrikaneeharika2410214@ssn.edu.in | F48: A | G48: P | H48: P | I48: A | J48: P | K48: A | L48: P | M48: A | N48: P | O48: A | BI48: =COUNTIF(F48:BH48,"P") | BJ48: =SUM((BI48/BI12)*100)
A49: 37 | B49: 2410072 | C49: 3122245002103 | D49: Shrish V V S Sri Kumar Rasamsetty | E49: shrish2410072@ssn.edu.in | F49: P | G49: P | H49: P | I49: P | J49: P | K49: P | L49: P | M49: P | N49: P | O49: P | BI49: =COUNTIF(F49:BH49,"P") | BJ49: =SUM((BI49/BI12)*100)
A50: 38 | B50: 2410533 | C50: 3122245002104 | D50: Shyam T J | E50: shyam2410533@ssn.edu.in | F50: P | G50: P | H50: P | I50: P | J50: P | K50: A | L50: P | M50: A | N50: P | O50: P | BI50: =COUNTIF(F50:BH50,"P") | BJ50: =SUM((BI50/BI12)*100)
A51: 39 | B51: 2410457 | C51: 3122245002105 | D51: Siva Hari Raj S T | E51: sivahariraj2410457@ssn.edu.in | F51: P | G51: A | H51: P | I51: A | J51: A | K51: A | L51: P | M51: A | N51: A | O51: A | BI51: =COUNTIF(F51:BH51,"P") | BJ51: =SUM((BI51/BI12)*100)
A52: 40 | B52: 2410759 | C52: 3122245002106 | D52: Sivaprasanth K | E52: sivaprasanth2410759@ssn.edu.in | F52: A | G52: A | H52: P | I52: A | J52: P | K52: A | L52: P | M52: A | N52: P | O52: A | BI52: =COUNTIF(F52:BH52,"P") | BJ52: =SUM((BI52/BI12)*100)
A53: 41 | B53: 2410530 | C53: 3122245002107 | D53: Sreenath G | E53: sreenath2410530@ssn.edu.in | F53: P | G53: A | H53: P | I53: P | J53: P | K53: A | L53: P | M53: P | N53: P | O53: A | BI53: =COUNTIF(F53:BH53,"P") | BJ53: =SUM((BI53/BI12)*100)
A54: 42 | B54: 2410089 | C54: 3122245002108 | D54: Sri Subhiksha T | E54: sri2410089@ssn.edu.in | F54: A | G54: P | H54: P | I54: P | J54: P | K54: A | L54: P | M54: P | N54: A | O54: A | BI54: =COUNTIF(F54:BH54,"P") | BJ54: =SUM((BI54/BI12)*100)
A55: 43 | B55: 2410307 | C55: 3122245002109 | D55: Srimathi B | E55: srimathi2410307@ssn.edu.in | F55: P | G55: P | H55: P | I55: P | J55: A | K55: A | L55: A | M55: P | N55: A | O55: A | BI55: =COUNTIF(F55:BH55,"P") | BJ55: =SUM((BI55/BI12)*100)
A56: 44 | B56: 2410315 | C56: 3122245002110 | D56: Sriram R | E56: sriram2410315@ssn.edu.in | F56: A | G56: A | H56: A | I56: P | J56: P | K56: A | L56: A | M56: P | N56: P | O56: A | BI56: =COUNTIF(F56:BH56,"P") | BJ56: =SUM((BI56/BI12)*100)
A57: 45 | B57: 2410777 | C57: 3122245002111 | D57: Srivarshan S | E57: srivarshan2410777@ssn.edu.in | F57: P | G57: P | H57: P | I57: A | J57: A | K57: A | L57: P | M57: A | N57: A | O57: P | BI57: =COUNTIF(F57:BH57,"P") | BJ57: =SUM((BI57/BI12)*100)
A58: 46 | B58: 2410345 | C58: 3122245002112 | D58: Srivathsan G | E58: srivathsan2410345@ssn.edu.in | F58: P | G58: A | H58: P | I58: P | J58: P | K58: P | L58: A | M58: A | N58: P | O58: A | BI58: =COUNTIF(F58:BH58,"P") | BJ58: =SUM((BI58/BI12)*100)
A59: 47 | B59: 2410867 | C59: 3122245002113 | D59: Sudharsan S | E59: sudharsan2410867@ssn.edu.in | F59: P | G59: P | H59: P | I59: A | J59: P | K59: A | L59: A | M59: A | N59: P | O59: P | BI59: =COUNTIF(F59:BH59,"P") | BJ59: =SUM((BI59/BI12)*100)
A60: 48 | B60: 2410309 | C60: 3122245002114 | D60: Sunitha Adluru | E60: sunitha2410309@ssn.edu.in | F60: P | G60: P | H60: P | I60: A | J60: P | K60: A | L60: P | M60: P | N60: A | O60: A | BI60: =COUNTIF(F60:BH60,"P") | BJ60: =SUM((BI60/BI12)*100)
A61: 49 | B61: 2410404 | C61: 3122245002115 | D61: Supritha R | E61: supritha2410404@ssn.edu.in | F61: P | G61: P | H61: P | I61: P | J61: P | K61: A | L61: P | M61: A | N61: P | O61: P | BI61: =COUNTIF(F61:BH61,"P") | BJ61: =SUM((BI61/BI12)*100)
A62: 50 | B62: 2410239 | C62: 3122245002116 | D62: Sweta Sri P | E62: swetasri2410239@ssn.edu.in | F62: P | G62: P | H62: P | I62: P | J62: P | K62: A | L62: P | M62: P | N62: A | O62: A | BI62: =COUNTIF(F62:BH62,"P") | BJ62: =SUM((BI62/BI12)*100)
A63: 51 | B63: 2410247 | C63: 3122245002117 | D63: Tejaswin Bhola | E63: tejaswin2410247@ssn.edu.in | F63: P | G63: P | H63: P | I63: A | J63: P | K63: A | L63: P | M63: P | N63: A | O63: P | BI63: =COUNTIF(F63:BH63,"P") | BJ63: =SUM((BI63/BI12)*100)
A64: 52 | B64: 2410699 | C64: 3122245002118 | D64: Thamizhini R | E64: thamizhini2410699@ssn.edu.in | F64: A | G64: P | H64: A | I64: A | J64: P | K64: A | L64: P | M64: P | N64: A | O64: P | BI64: =COUNTIF(F64:BH64,"P") | BJ64: =SUM((BI64/BI12)*100)
A65: 53 | B65: 2410405 | C65: 3122245002119 | D65: Tharun Balaji M | E65: tharunbalaji2410405@ssn.edu.in | F65: P | G65: A | H65: P | I65: A | J65: P | K65: A | L65: A | M65: A | N65: P | O65: P | BI65: =COUNTIF(F65:BH65,"P") | BJ65: =SUM((BI65/BI12)*100)
A66: 54 | B66: 2410785 | C66: 3122245002120 | D66: Thavasi M | E66: thavasi2410785@ssn.edu.in | F66: P | G66: P | H66: P | I66: P | J66: A | K66: P | L66: A | M66: A | N66: P | O66: A | BI66: =COUNTIF(F66:BH66,"P") | BJ66: =SUM((BI66/BI12)*100)
A67: 55 | B67: 2410584 | C67: 3122245002121 | D67: Thirukkumaran V M | E67: thirukkumaran2410584@ssn.edu.in | F67: A | G67: P | H67: P | I67: A | J67: P | K67: P | L67: P | M67: P | N67: A | O67: P | BI67: =COUNTIF(F67:BH67,"P") | BJ67: =SUM((BI67/BI12)*100)
A68: 56 | B68: 2410413 | C68: 3122245002122 | D68: Varsha M | E68: varsha2410413@ssn.edu.in | F68: A | G68: P | H68: P | I68: P | J68: P | K68: A | L68: P | M68: A | N68: P | O68: P | BI68: =COUNTIF(F68:BH68,"P") | BJ68: =SUM((BI68/BI12)*100)
A69: 57 | B69: 2410848 | C69: 3122245002123 | D69: Varsha S | E69: varsha2410848@ssn.edu.in | F69: A | G69: P | H69: P | I69: A | J69: A | K69: P | L69: A | M69: A | N69: P | O69: A | BI69: =COUNTIF(F69:BH69,"P") | BJ69: =SUM((BI69/BI12)*100)
A70: 58 | B70: 2410804 | C70: 3122245002124 | D70: Vijai T | E70: vijai2410804@ssn.edu.in | F70: P | G70: P | H70: P | I70: P | J70: P | K70: P | L70: A | M70: A | N70: A | O70: A | BI70: =COUNTIF(F70:BH70,"P") | BJ70: =SUM((BI70/BI12)*100)
A71: 59 | B71: 2410586 | C71: 3122245002125 | D71: Vimal Raj M | E71: vimalraj2410586@ssn.edu.in | F71: P | G71: P | H71: P | I71: P | J71: A | K71: A | L71: P | M71: P | N71: A | O71: A | BI71: =COUNTIF(F71:BH71,"P") | BJ71: =SUM((BI71/BI12)*100)
A72: 60 | B72: 2410781 | C72: 3122245002126 | D72: Vinobalan K | E72: vinobalan2410781@ssn.edu.in | F72: P | G72: P | H72: P | I72: P | J72: P | K72: P | L72: P | M72: P | N72: A | O72: A | BI72: =COUNTIF(F72:BH72,"P") | BJ72: =SUM((BI72/BI12)*100)
A73: 61 | B73: 2410739 | C73: 3122245002127 | D73: Vishnu A | E73: vishnu2410739@ssn.edu.in | F73: P | G73: P | H73: P | I73: P | J73: P | K73: A | L73: P | M73: P | N73: P | O73: A | BI73: =COUNTIF(F73:BH73,"P") | BJ73: =SUM((BI73/BI12)*100)
A74: 62 | B74: 2410079 | C74: 3122245002128 | D74: Yasasvini Tiwari | E74: yasasvini2410079@ssn.edu.in | F74: A | G74: A | H74: A | I74: P | J74: P | K74: A | L74: P | M74: P | N74: P | O74: P | BI74: =COUNTIF(F74:BH74,"P") | BJ74: =SUM((BI74/BI12)*100)
A75: 63 | B75: 2410480 | C75: 3122245002129 | D75: Yashwanth B | E75: yashwanth2410480@ssn.edu.in | F75: P | G75: P | H75: P | I75: P | J75: P | K75: A | L75: A | M75: A | N75: P | O75: A | BI75: =COUNTIF(F75:BH75,"P") | BJ75: =SUM((BI75/BI12)*100)
A76: 64 | B76: 2410433 | C76: 3122245002130 | D76: Yashwanth R | E76: yashwanth2410433@ssn.edu.in | F76: A | G76: A | H76: A | I76: P | J76: P | K76: A | L76: P | M76: A | N76: A | O76: A | BI76: =COUNTIF(F76:BH76,"P") | BJ76: =SUM((BI76/BI12)*100)
A77: 65 | B77: 2410096 | C77: 3122245002131 | D77: Yasmithasri B | E77: yasmithasri2410096@ssn.edu.in | F77: A | G77: P | H77: P | I77: P | J77: P | K77: A | L77: P | M77: P | N77: P | O77: P | BI77: =COUNTIF(F77:BH77,"P") | BJ77: =SUM((BI77/BI12)*100)
A78: 66 | B78: 2410990 | C78: 3122245002132 | D78: Yuvanitha A R | E78: yuvanitha2410990@ssn.edu.in | F78: P | G78: P | H78: P | I78: P | J78: P | K78: A | L78: P | M78: A | N78: P | O78: A | BI78: =COUNTIF(F78:BH78,"P") | BJ78: =SUM((BI78/BI12)*100)
A79: 67 | B79: 2412049 | C79: 3122245002304 | D79: Darshan S S | E79: darshan2412049@ssn.edu.in | F79: P | G79: P | H79: A | I79: P | J79: A | K79: P | L79: A | M79: A | N79: A | O79: A | BI79: =COUNTIF(F79:BH79,"P") | BJ79: =SUM((BI79/BI12)*100)
A80: 68 | B80: 2412046 | C80: 3122245002307 | D80: Manojkumar G | E80: manojkumar2412046@ssn.edu.in | F80: P | G80: P | H80: A | I80: P | J80: A | K80: A | L80: P | M80: P | N80: A | O80: P | BI80: =COUNTIF(F80:BH80,"P") | BJ80: =SUM((BI80/BI12)*100)
A81: 69 | B81: 2412010 | C81: 3122245002308 | D81: Rhea Jenifer P | E81: rheajenifer2412010@ssn.edu.in | F81: A | G81: A | H81: A | I81: A | J81: P | K81: A | L81: A | M81: P | N81: A | O81: P | BI81: =COUNTIF(F81:BH81,"P") | BJ81: =SUM((BI81/BI12)*100)
A82: 70 | B82: 2412073 | C82: 3122245002309 | D82: Sadhika T S | E82: sadhika2412073@ssn.edu.in | F82: A | G82: P | H82: A | I82: A | J82: P | K82: A | L82: P | M82: P | N82: A | O82: P | BI82: =COUNTIF(F82:BH82,"P") | BJ82: =SUM((BI82/BI12)*100)
A83: 71 | B83: 2412001 | C83: 3122245002310 | D83: Sundararajan R | E83: sundararajan2412001@ssn.edu.in | F83: A | G83: P | H83: P | I83: P | J83: P | K83: A | L83: P | M83: P | N83: P | O83: P
E91: Total No. of Students | F91: 71 | G91: 71 | H91: 71 | I91: 71 | J91: 71 | K91: 71 | L91: 71
E92: Total No. of Presentees | F92: =COUNTIF(F13:F82,"P") | G92: =COUNTIF(G13:G82,"P") | H92: =COUNTIF(H13:H82,"P") | I92: =COUNTIF(I13:I82,"P") | J92: =COUNTIF(J13:J82,"P") | K92: =COUNTIF(K13:K82,"P") | L92: =COUNTIF(L13:L82,"P")
E93: Total No. of Absentees | F93: =COUNTIF(F13:F82,"A") | G93: =COUNTIF(G13:G82,"A") | H93: =COUNTIF(H13:H82,"A") | I93: =COUNTIF(I13:I82,"A") | J93: =COUNTIF(J13:J82,"A") | K93: =COUNTIF(K13:K82,"A") | L93: =COUNTIF(L13:L82,"A")
E94: Presentees Percentage | F94: =SUM((F92/F91)*100) | G94: =SUM((G92/G91)*100) | H94: =SUM((H92/H91)*100) | I94: =SUM((I92/I91)*100) | J94: =SUM((J92/J91)*100) | K94: =SUM((K92/K91)*100) | L94: =SUM((L92/L91)*100)
E95: Absentees Percentage | F95: =SUM((F93/F91)*100) | G95: =SUM((G93/G91)*100) | H95: =SUM((H93/H91)*100) | I95: =SUM((I93/I91)*100) | J95: =SUM((J93/J91)*100) | K95: =SUM((K93/K91)*100) | L95: =SUM((L93/L91)*100)

Sheet UIT3501
A1: Sri Sivasubramaniya Nadar College of Engineering, Kalavakkam - 603 110
A2: Department of Information Technology
A3: ATTENDANCE SHEET
A4: Class & Section : V SEM IT B
A5: Academic Year: 2026-2027 | AV5: Batch : 2024-28
A7: Sub Code & Sub Name : UIT3501 - Automata Theory and Compiler Design | AU7: ug2024-it@ssn.edu.in
A8: Staff Name : Dr. P. Vasuki
F10: Mark "P" for presentees , "A" for absentees
A11: S.No | B11: Digital Id | C11: Register Number | D11: Name as per 12th Mark Sheet | E11: SSN Email ID | F11: Date
F12: 22.06.26 | G12: 26.06.26 | H12: 29.06.26 | I12: 1.07.26 | J12: 03.07.26 | K12: 06.07.06 | L12: 08.07.2026 | M12: 10.07.2026 | N12: 13.07.2026 | BI12: =COUNTA(F12:BH12)
A13: 1 | B13: 2410606 | C13: 3122245002067 | D13: Pragalya T | E13: pragalya2410606@ssn.edu.in | F13: P | G13: P | H13: P | I13: P | J13: P | K13: P | L13: P | M13: P | N13: P | BI13: =COUNTIF(F13:BH13,"P") | BJ13: =SUM((BI13/BI12)*100)
A14: 2 | B14: 2410674 | C14: 3122245002068 | D14: Praghathish G T | E14: praghathish2410674@ssn.edu.in | F14: P | G14: P | H14: P | I14: P | J14: P | K14: P | L14: P | M14: P | N14: P | BI14: =COUNTIF(F14:BH14,"P") | BJ14: =SUM((BI14/BI12)*100)
A15: 3 | B15: 2410080 | C15: 3122245002069 | D15: Pranav C K | E15: pranav2410080@ssn.edu.in | F15: P | G15: A | H15: A | I15: A | J15: A | K15: P | L15: P | M15: P | N15: P | BI15: =COUNTIF(F15:BH15,"P") | BJ15: =SUM((BI15/BI12)*100)
A16: 4 | B16: 2410328 | C16: 3122245002070 | D16: Pranav Vasudevan | E16: pranav2410328@ssn.edu.in | F16: A | G16: A | H16: A | I16: P | J16: A | K16: P | L16: P | M16: P | N16: P | BI16: =COUNTIF(F16:BH16,"P") | BJ16: =SUM((BI16/BI12)*100)
A17: 5 | B17: 2410738 | C17: 3122245002071 | D17: Radhakrishnan M | E17: radhakrishnan2410738@ssn.edu.in | F17: P | G17: P | H17: A | I17: A | J17: P | K17: P | L17: P | M17: P | N17: P | BI17: =COUNTIF(F17:BH17,"P") | BJ17: =SUM((BI17/BI12)*100)
A18: 6 | B18: 2410786 | C18: 3122245002072 | D18: Raghul Krishna V | E18: raghulkrishna2410786@ssn.edu.in | F18: P | G18: P | H18: P | I18: P | J18: P | K18: P | L18: P | M18: P | N18: P | BI18: =COUNTIF(F18:BH18,"P") | BJ18: =SUM((BI18/BI12)*100)
A19: 7 | B19: 2410441 | C19: 3122245002073 | D19: Ragul A | E19: ragul2410441@ssn.edu.in | F19: P | G19: P | H19: P | I19: P | J19: P | K19: P | L19: P | M19: P | N19: P | BI19: =COUNTIF(F19:BH19,"P") | BJ19: =SUM((BI19/BI12)*100)
A20: 8 | B20: 2410834 | C20: 3122245002074 | D20: Ragunandhan M | E20: ragunandhan2410834@ssn.edu.in | F20: P | G20: P | H20: P | I20: P | J20: P | K20: P | L20: P | M20: P | N20: P | BI20: =COUNTIF(F20:BH20,"P") | BJ20: =SUM((BI20/BI12)*100)
A21: 9 | B21: 2410098 | C21: 3122245002075 | D21: Rajkumar M | E21: rajkumar2410098@ssn.edu.in | F21: P | G21: P | H21: A | I21: P | J21: A | K21: P | L21: P | M21: P | N21: P | BI21: =COUNTIF(F21:BH21,"P") | BJ21: =SUM((BI21/BI12)*100)
A22: 10 | B22: 2410632 | C22: 3122245002076 | D22: Ramakrishnan M R | E22: ramakrishnan2410632@ssn.edu.in | F22: P | G22: P | H22: P | I22: P | J22: P | K22: P | L22: P | M22: P | N22: P | BI22: =COUNTIF(F22:BH22,"P") | BJ22: =SUM((BI22/BI12)*100)
A23: 11 | B23: 2410313 | C23: 3122245002077 | D23: Raveena V K | E23: raveena2410313@ssn.edu.in | F23: P | G23: P | H23: A | I23: A | J23: P | K23: P | L23: P | M23: P | N23: P | BI23: =COUNTIF(F23:BH23,"P") | BJ23: =SUM((BI23/BI12)*100)
A24: 12 | B24: 2410581 | C24: 3122245002078 | D24: Ridhi R | E24: ridhi2410581@ssn.edu.in | F24: P | G24: P | H24: P | I24: P | J24: A | K24: P | L24: P | M24: P | N24: P | BI24: =COUNTIF(F24:BH24,"P") | BJ24: =SUM((BI24/BI12)*100)
A25: 13 | B25: 2410343 | C25: 3122245002079 | D25: Rishikumar Pitchiah Kalyanakumar | E25: rishikumar2410343@ssn.edu.in | F25: A | G25: P | H25: P | I25: A | J25: P | K25: P | L25: P | M25: P | N25: P | Q25: 68 | BI25: =COUNTIF(F25:BH25,"P") | BJ25: =SUM((BI25/BI12)*100)
A26: 14 | B26: 2410308 | C26: 3122245002080 | D26: Rithin Asvathama V | E26: rithinasvathama2410308@ssn.edu.in | F26: A | G26: A | H26: P | I26: A | J26: P | K26: P | L26: P | M26: P | N26: P | Q26: 69 | BI26: =COUNTIF(F26:BH26,"P") | BJ26: =SUM((BI26/BI12)*100)
A27: 15 | B27: 2410445 | C27: 3122245002081 | D27: Ritvik Kumar T | E27: ritvikkumar2410445@ssn.edu.in | F27: P | G27: P | H27: P | I27: P | J27: A | K27: P | L27: P | M27: P | N27: P | Q27: 71 | BI27: =COUNTIF(F27:BH27,"P") | BJ27: =SUM((BI27/BI12)*100)
A28: 16 | B28: 2410230 | C28: 3122245002082 | D28: Roja Sri R | E28: rojasri2410230@ssn.edu.in | F28: P | G28: P | H28: P | I28: P | J28: P | K28: P | L28: P | M28: P | N28: P | Q28: 78 | BI28: =COUNTIF(F28:BH28,"P") | BJ28: =SUM((BI28/BI12)*100)
A29: 17 | B29: 2410331 | C29: 3122245002083 | D29: Rovena Madharasi I | E29: rovenamadharasi2410331@ssn.edu.in | F29: P | G29: P | H29: P | I29: P | J29: P | K29: P | L29: P | M29: P | N29: P | Q29: 79 | BI29: =COUNTIF(F29:BH29,"P") | BJ29: =SUM((BI29/BI12)*100)
A30: 18 | B30: 2410229 | C30: 3122245002084 | D30: Sabarish S B | E30: sabarish2410229@ssn.edu.in | F30: P | G30: P | H30: P | I30: P | J30: A | K30: P | L30: P | M30: P | N30: P | Q30: 82 | BI30: =COUNTIF(F30:BH30,"P") | BJ30: =SUM((BI30/BI12)*100)
A31: 19 | B31: 2410984 | C31: 3122245002085 | D31: Sahana A | E31: sahana2410984@ssn.edu.in | F31: A | G31: A | H31: P | I31: A | J31: P | K31: P | L31: P | M31: P | N31: P | Q31: 85 | BI31: =COUNTIF(F31:BH31,"P") | BJ31: =SUM((BI31/BI12)*100)
A32: 20 | B32: 2410091 | C32: 3122245002086 | D32: Sandhya B | E32: sandhya2410091@ssn.edu.in | F32: P | G32: P | H32: P | I32: P | J32: A | K32: P | L32: P | M32: P | N32: P | Q32: 86 | BI32: =COUNTIF(F32:BH32,"P") | BJ32: =SUM((BI32/BI12)*100)
A33: 21 | B33: 2410706 | C33: 3122245002087 | D33: Sandhya S | E33: sandhya2410706@ssn.edu.in | F33: P | G33: P | H33: P | I33: P | J33: P | K33: P | L33: P | M33: P | N33: P | Q33: 87 | BI33: =COUNTIF(F33:BH33,"P") | BJ33: =SUM((BI33/BI12)*100)
A34: 22 | B34: 2410778 | C34: 3122245002088 | D34: Sangaraju Sathwik | E34: sangaraju2410778@ssn.edu.in | F34: A | G34: P | H34: A | I34: A | J34: A | K34: P | L34: P | M34: P | N34: P | Q34: 88 | BI34: =COUNTIF(F34:BH34,"P") | BJ34: =SUM((BI34/BI12)*100)
A35: 23 | B35: 2410162 | C35: 3122245002089 | D35: Sanjana Shankar | E35: sanjana2410162@ssn.edu.in | F35: P | G35: A | H35: A | I35: P | J35: A | K35: P | L35: P | M35: P | N35: P | Q35: 89 | BI35: =COUNTIF(F35:BH35,"P") | BJ35: =SUM((BI35/BI12)*100)
A36: 24 | B36: 2410514 | C36: 3122245002090 | D36: Sanjay J | E36: sanjay2410514@ssn.edu.in | F36: A | G36: A | H36: P | I36: A | J36: P | K36: P | L36: P | M36: P | N36: P | Q36: 90 | BI36: =COUNTIF(F36:BH36,"P") | BJ36: =SUM((BI36/BI12)*100)
A37: 25 | B37: 2410068 | C37: 3122245002091 | D37: Sanjay Raam S | E37: sanjayraam2410068@ssn.edu.in | F37: P | G37: A | H37: P | I37: P | J37: A | K37: P | L37: P | M37: P | N37: P | Q37: 91 | BI37: =COUNTIF(F37:BH37,"P") | BJ37: =SUM((BI37/BI12)*100)
A38: 26 | B38: 2410185 | C38: 3122245002092 | D38: Sanjay T | E38: sanjay2410185@ssn.edu.in | F38: P | G38: P | H38: P | I38: P | J38: P | K38: P | L38: P | M38: P | N38: P | Q38: 92 | BI38: =COUNTIF(F38:BH38,"P") | BJ38: =SUM((BI38/BI12)*100)
A39: 27 | B39: 2410988 | C39: 3122245002093 | D39: Santhosh Aaron C | E39: santhosh2410988@ssn.edu.in | F39: P | G39: P | H39: P | I39: P | J39: P | K39: P | L39: P | M39: P | N39: P | Q39: 93 | BI39: =COUNTIF(F39:BH39,"P") | BJ39: =SUM((BI39/BI12)*100)
A40: 28 | B40: 2410488 | C40: 3122245002094 | D40: Sarvesh K | E40: sarvesh2410488@ssn.edu.in | F40: P | G40: P | H40: P | I40: A | J40: P | K40: P | L40: P | M40: P | N40: P | Q40: 96 | BI40: =COUNTIF(F40:BH40,"P") | BJ40: =SUM((BI40/BI12)*100)
A41: 29 | B41: 2410076 | C41: 3122245002095 | D41: Sarvesh S | E41: sarvesh2410076@ssn.edu.in | F41: P | G41: P | H41: P | I41: P | J41: P | K41: P | L41: P | M41: P | N41: P | Q41: 98 | BI41: =COUNTIF(F41:BH41,"P") | BJ41: =SUM((BI41/BI12)*100)
A42: 30 | B42: 2410740 | C42: 3122245002096 | D42: Sarvesh S | E42: sarvesh2410740@ssn.edu.in | F42: P | G42: P | H42: P | I42: P | J42: P | K42: P | L42: P | M42: P | N42: P | Q42: 101 | BI42: =COUNTIF(F42:BH42,"P") | BJ42: =SUM((BI42/BI12)*100)
A43: 31 | B43: 2410118 | C43: 3122245002097 | D43: Sathvik Gururaghavendran | E43: sathvik2410118@ssn.edu.in | F43: P | G43: P | H43: A | I43: A | J43: P | K43: P | L43: P | M43: P | N43: P | Q43: 102 | BI43: =COUNTIF(F43:BH43,"P") | BJ43: =SUM((BI43/BI12)*100)
A44: 32 | B44: 2410486 | C44: 3122245002098 | D44: Shalini G | E44: shalini2410486@ssn.edu.in | F44: A | G44: A | H44: A | I44: P | J44: A | K44: P | L44: P | M44: P | N44: P | Q44: 103 | BI44: =COUNTIF(F44:BH44,"P") | BJ44: =SUM((BI44/BI12)*100)
A45: 33 | B45: 2410569 | C45: 3122245002099 | D45: Sharaal Jospeen Rani S | E45: sharaaljospeenrani2410569@ssn.edu.in | F45: P | G45: P | H45: A | I45: P | J45: P | K45: P | L45: P | M45: P | N45: P | Q45: 105 | BI45: =COUNTIF(F45:BH45,"P") | BJ45: =SUM((BI45/BI12)*100)
A46: 34 | B46: 2410047 | C46: 3122245002100 | D46: Shashank V | E46: shashank2410047@ssn.edu.in | F46: A | G46: P | H46: A | I46: A | J46: A | K46: P | L46: P | M46: P | N46: P | Q46: 106 | BI46: =COUNTIF(F46:BH46,"P") | BJ46: =SUM((BI46/BI12)*100)
A47: 35 | B47: 2410184 | C47: 3122245002101 | D47: Shree M | E47: shree2410184@ssn.edu.in | F47: P | G47: P | H47: P | I47: A | J47: P | K47: P | L47: P | M47: P | N47: P | Q47: 107 | BI47: =COUNTIF(F47:BH47,"P") | BJ47: =SUM((BI47/BI13)*100)
A48: 36 | B48: 2410214 | C48: 3122245002102 | D48: Shrika Neeharika C | E48: shrikaneeharika2410214@ssn.edu.in | F48: P | G48: A | H48: P | I48: P | J48: A | K48: P | L48: P | M48: P | N48: P | Q48: 111 | BI48: =COUNTIF(F48:BH48,"P") | BJ48: =SUM((BI48/BI12)*100)
A49: 37 | B49: 2410072 | C49: 3122245002103 | D49: Shrish V V S Sri Kumar Rasamsetty | E49: shrish2410072@ssn.edu.in | F49: A | G49: A | H49: P | I49: P | J49: P | K49: P | L49: P | M49: P | N49: P | Q49: 113 | BI49: =COUNTIF(F49:BH49,"P") | BJ49: =SUM((BI49/BI12)*100)
A50: 38 | B50: 2410533 | C50: 3122245002104 | D50: Shyam T J | E50: shyam2410533@ssn.edu.in | F50: P | G50: P | H50: P | I50: P | J50: P | K50: P | L50: P | M50: P | N50: P | Q50: 114 | BI50: =COUNTIF(F50:BH50,"P") | BJ50: =SUM((BI50/BI12)*100)
A51: 39 | B51: 2410457 | C51: 3122245002105 | D51: Siva Hari Raj S T | E51: sivahariraj2410457@ssn.edu.in | F51: P | G51: P | H51: A | I51: P | J51: A | K51: P | L51: P | M51: P | N51: P | Q51: 111 | BI51: =COUNTIF(F51:BH51,"P") | BJ51: =SUM((BI51/BI12)*100)
A52: 40 | B52: 2410759 | C52: 3122245002106 | D52: Sivaprasanth K | E52: sivaprasanth2410759@ssn.edu.in | F52: A | G52: A | H52: A | I52: P | J52: A | K52: P | L52: P | M52: P | N52: P | Q52: 117 | BI52: =COUNTIF(F52:BH52,"P") | BJ52: =SUM((BI52/BI12)*100)
A53: 41 | B53: 2410530 | C53: 3122245002107 | D53: Sreenath G | E53: sreenath2410530@ssn.edu.in | F53: P | G53: A | H53: A | I53: P | J53: P | K53: P | L53: P | M53: P | N53: P | Q53: 118 | BI53: =COUNTIF(F53:BH53,"P") | BJ53: =SUM((BI53/BI12)*100)
A54: 42 | B54: 2410089 | C54: 3122245002108 | D54: Sri Subhiksha T | E54: sri2410089@ssn.edu.in | F54: A | G54: A | H54: P | I54: P | J54: A | K54: P | L54: P | M54: P | N54: P | Q54: 119 | BI54: =COUNTIF(F54:BH54,"P") | BJ54: =SUM((BI54/BI12)*100)
A55: 43 | B55: 2410307 | C55: 3122245002109 | D55: Srimathi B | E55: srimathi2410307@ssn.edu.in | F55: P | G55: P | H55: P | I55: P | J55: A | K55: P | L55: P | M55: P | N55: P | Q55: 121 | BI55: =COUNTIF(F55:BH55,"P") | BJ55: =SUM((BI55/BI12)*100)
A56: 44 | B56: 2410315 | C56: 3122245002110 | D56: Sriram R | E56: sriram2410315@ssn.edu.in | F56: P | G56: A | H56: A | I56: A | J56: P | K56: P | L56: P | M56: P | N56: P | Q56: 122 | BI56: =COUNTIF(F56:BH56,"P") | BJ56: =SUM((BI56/BI12)*100)
A57: 45 | B57: 2410777 | C57: 3122245002111 | D57: Srivarshan S | E57: srivarshan2410777@ssn.edu.in | F57: P | G57: P | H57: P | I57: P | J57: P | K57: P | L57: P | M57: P | N57: P | Q57: 131 | BI57: =COUNTIF(F57:BH57,"P") | BJ57: =SUM((BI57/BI12)*100)
A58: 46 | B58: 2410345 | C58: 3122245002112 | D58: Srivathsan G | E58: srivathsan2410345@ssn.edu.in | F58: P | G58: A | H58: A | I58: P | J58: A | K58: P | L58: P | M58: P | N58: P | Q58: 132 | BI58: =COUNTIF(F58:BH58,"P") | BJ58: =SUM((BI58/BI12)*100)
A59: 47 | B59: 2410867 | C59: 3122245002113 | D59: Sudharsan S | E59: sudharsan2410867@ssn.edu.in | F59: P | G59: P | H59: P | I59: P | J59: P | K59: P | L59: P | M59: P | N59: P | BI59: =COUNTIF(F59:BH59,"P") | BJ59: =SUM((BI59/BI12)*100)
A60: 48 | B60: 2410309 | C60: 3122245002114 | D60: Sunitha Adluru | E60: sunitha2410309@ssn.edu.in | F60: P | G60: P | H60: P | I60: P | J60: P | K60: P | L60: P | M60: P | N60: P | BI60: =COUNTIF(F60:BH60,"P") | BJ60: =SUM((BI60/BI12)*100)
A61: 49 | B61: 2410404 | C61: 3122245002115 | D61: Supritha R | E61: supritha2410404@ssn.edu.in | F61: P | G61: P | H61: P | I61: P | J61: P | K61: P | L61: P | M61: P | N61: P | BI61: =COUNTIF(F61:BH61,"P") | BJ61: =SUM((BI61/BI12)*100)
A62: 50 | B62: 2410239 | C62: 3122245002116 | D62: Sweta Sri P | E62: swetasri2410239@ssn.edu.in | F62: P | G62: P | H62: P | I62: P | J62: P | K62: P | L62: P | M62: P | N62: P | BI62: =COUNTIF(F62:BH62,"P") | BJ62: =SUM((BI62/BI12)*100)
A63: 51 | B63: 2410247 | C63: 3122245002117 | D63: Tejaswin Bhola | E63: tejaswin2410247@ssn.edu.in | F63: P | G63: P | H63: P | I63: P | J63: P | K63: P | L63: P | M63: P | N63: P | BI63: =COUNTIF(F63:BH63,"P") | BJ63: =SUM((BI63/BI12)*100)
A64: 52 | B64: 2410699 | C64: 3122245002118 | D64: Thamizhini R | E64: thamizhini2410699@ssn.edu.in | F64: A | G64: P | H64: P | I64: A | J64: A | K64: P | L64: P | M64: P | N64: P | BI64: =COUNTIF(F64:BH64,"P") | BJ64: =SUM((BI64/BI12)*100)
A65: 53 | B65: 2410405 | C65: 3122245002119 | D65: Tharun Balaji M | E65: tharunbalaji2410405@ssn.edu.in | F65: P | G65: P | H65: P | I65: P | J65: P | K65: P | L65: P | M65: P | N65: P | BI65: =COUNTIF(F65:BH65,"P") | BJ65: =SUM((BI65/BI12)*100)
A66: 54 | B66: 2410785 | C66: 3122245002120 | D66: Thavasi M | E66: thavasi2410785@ssn.edu.in | F66: P | G66: P | H66: P | I66: P | J66: P | K66: P | L66: P | M66: P | N66: P | BI66: =COUNTIF(F66:BH66,"P") | BJ66: =SUM((BI66/BI12)*100)
A67: 55 | B67: 2410584 | C67: 3122245002121 | D67: Thirukkumaran V M | E67: thirukkumaran2410584@ssn.edu.in | F67: A | G67: P | H67: P | I67: P | J67: A | K67: P | L67: P | M67: P | N67: P | BI67: =COUNTIF(F67:BH67,"P") | BJ67: =SUM((BI67/BI12)*100)
A68: 56 | B68: 2410413 | C68: 3122245002122 | D68: Varsha M | E68: varsha2410413@ssn.edu.in | F68: A | G68: P | H68: P | I68: P | J68: P | K68: P | L68: P | M68: P | N68: P | BI68: =COUNTIF(F68:BH68,"P") | BJ68: =SUM((BI68/BI12)*100)
A69: 57 | B69: 2410848 | C69: 3122245002123 | D69: Varsha S | E69: varsha2410848@ssn.edu.in | F69: A | G69: A | H69: P | I69: P | J69: P | K69: P | L69: P | M69: P | N69: P | BI69: =COUNTIF(F69:BH69,"P") | BJ69: =SUM((BI69/BI12)*100)
A70: 58 | B70: 2410804 | C70: 3122245002124 | D70: Vijai T | E70: vijai2410804@ssn.edu.in | F70: P | G70: A | H70: P | I70: P | J70: P | K70: P | L70: P | M70: P | N70: P | BI70: =COUNTIF(F70:BH70,"P") | BJ70: =SUM((BI70/BI12)*100)
A71: 59 | B71: 2410586 | C71: 3122245002125 | D71: Vimal Raj M | E71: vimalraj2410586@ssn.edu.in | F71: P | G71: P | H71: P | I71: P | J71: P | K71: P | L71: P | M71: P | N71: P | BI71: =COUNTIF(F71:BH71,"P") | BJ71: =SUM((BI71/BI12)*100)
A72: 60 | B72: 2410781 | C72: 3122245002126 | D72: Vinobalan K | E72: vinobalan2410781@ssn.edu.in | F72: P | G72: P | H72: P | I72: P | J72: P | K72: P | L72: P | M72: P | N72: P | BI72: =COUNTIF(F72:BH72,"P") | BJ72: =SUM((BI72/BI12)*100)
A73: 61 | B73: 2410739 | C73: 3122245002127 | D73: Vishnu A | E73: vishnu2410739@ssn.edu.in | F73: P | G73: P | H73: P | I73: P | J73: P | K73: P | L73: P | M73: P | N73: P | BI73: =COUNTIF(F73:BH73,"P") | BJ73: =SUM((BI73/BI12)*100)
A74: 62 | B74: 2410079 | C74: 3122245002128 | D74: Yasasvini Tiwari | E74: yasasvini2410079@ssn.edu.in | F74: A | G74: P | H74: A | I74: A | J74: A | K74: P | L74: P | M74: P | N74: P | BI74: =COUNTIF(F74:BH74,"P") | BJ74: =SUM((BI74/BI12)*100)
A75: 63 | B75: 2410480 | C75: 3122245002129 | D75: Yashwanth B | E75: yashwanth2410480@ssn.edu.in | F75: P | G75: P | H75: P | I75: P | J75: P | K75: P | L75: P | M75: P | N75: P | BI75: =COUNTIF(F75:BH75,"P") | BJ75: =SUM((BI75/BI12)*100)
A76: 64 | B76: 2410433 | C76: 3122245002130 | D76: Yashwanth R | E76: yashwanth2410433@ssn.edu.in | F76: A | G76: A | H76: A | I76: A | J76: A | K76: P | L76: P | M76: P | N76: P | BI76: =COUNTIF(F76:BH76,"P") | BJ76: =SUM((BI76/BI12)*100)
A77: 65 | B77: 2410096 | C77: 3122245002131 | D77: Yasmithasri B | E77: yasmithasri2410096@ssn.edu.in | F77: A | G77: P | H77: P | I77: P | J77: P | K77: P | L77: P | M77: P | N77: P | BI77: =COUNTIF(F77:BH77,"P") | BJ77: =SUM((BI77/BI12)*100)
A78: 66 | B78: 2410990 | C78: 3122245002132 | D78: Yuvanitha A R | E78: yuvanitha2410990@ssn.edu.in | F78: P | G78: P | H78: P | I78: P | J78: P | K78: P | L78: P | M78: P | N78: P | BI78: =COUNTIF(F78:BH78,"P") | BJ78: =SUM((BI78/BI12)*100)
A79: 67 | B79: 2412049 | C79: 3122245002304 | D79: Darshan S S | E79: darshan2412049@ssn.edu.in | F79: A | G79: A | H79: A | I79: A | J79: A | K79: P | L79: P | M79: P | N79: P | BI79: =COUNTIF(F79:BH79,"P") | BJ79: =SUM((BI79/BI12)*100)
A80: 68 | B80: 2412046 | C80: 3122245002307 | D80: Manojkumar G | E80: manojkumar2412046@ssn.edu.in | F80: A | G80: A | H80: A | I80: A | J80: P | K80: P | L80: P | M80: P | N80: P | BI80: =COUNTIF(F80:BH80,"P") | BJ80: =SUM((BI80/BI12)*100)
A81: 69 | B81: 2412010 | C81: 3122245002308 | D81: Rhea Jenifer P | E81: rheajenifer2412010@ssn.edu.in | F81: P | G81: A | H81: A | I81: A | J81: P | K81: P | L81: P | M81: P | N81: P | BI81: =COUNTIF(F81:BH81,"P") | BJ81: =SUM((BI81/BI12)*100)
A82: 70 | B82: 2412073 | C82: 3122245002309 | D82: Sadhika T S | E82: sadhika2412073@ssn.edu.in | F82: P | G82: P | H82: P | I82: A | J82: P | K82: P | L82: P | M82: P | N82: P | BI82: =COUNTIF(F82:BH82,"P") | BJ82: =SUM((BI82/BI12)*100)
A83: 71 | B83: 2412001 | C83: 3122245002310 | D83: Sundararajan R | E83: sundararajan2412001@ssn.edu.in | F83: P | G83: P | H83: P | I83: P | J83: P | K83: P | L83: P | M83: P | N83: P
E91: Total No. of Students | F91: 71
E92: Total No. of Presentees | F92: =COUNTIF(F13:F82,"P")
E93: Total No. of Absentees | F93: =COUNTIF(F13:F82,"A")
E94: Presentees Percentage | F94: =SUM((F92/F91)*100)
E95: Absentees Percentage | F95: =SUM((F93/F91)*100)

Sheet UIT3515
A1: Sri Sivasubramaniya Nadar College of Engineering, Kalavakkam - 603 110
A2: Department of Information Technology
A3: ATTENDANCE SHEET
A4: Class & Section : V SEM IT B
A5: Academic Year: 2026-2027 | AV5: Batch : 2024-28
A7: Sub Code & Sub Name : UIT3515 - Dev Ops | AU7: ug2024-it@ssn.edu.in
A8: Staff Name : External Expert
F10: Mark "P" for presentees , "A" for absentees
A11: S.No | B11: Digital Id | C11: Register Number | D11: Name as per 12th Mark Sheet | E11: SSN Email ID | F11: Date
BI12: =COUNTA(F12:BH12)
A13: 1 | B13: 2410606 | C13: 3122245002067 | D13: Pragalya T | E13: pragalya2410606@ssn.edu.in | BI13: =COUNTIF(F13:BH13,"P") | BJ13: =SUM((BI13/BI12)*100)
A14: 2 | B14: 2410674 | C14: 3122245002068 | D14: Praghathish G T | E14: praghathish2410674@ssn.edu.in | BI14: =COUNTIF(F14:BH14,"P") | BJ14: =SUM((BI14/BI12)*100)
A15: 3 | B15: 2410080 | C15: 3122245002069 | D15: Pranav C K | E15: pranav2410080@ssn.edu.in | BI15: =COUNTIF(F15:BH15,"P") | BJ15: =SUM((BI15/BI12)*100)
A16: 4 | B16: 2410328 | C16: 3122245002070 | D16: Pranav Vasudevan | E16: pranav2410328@ssn.edu.in | BI16: =COUNTIF(F16:BH16,"P") | BJ16: =SUM((BI16/BI12)*100)
A17: 5 | B17: 2410738 | C17: 3122245002071 | D17: Radhakrishnan M | E17: radhakrishnan2410738@ssn.edu.in | BI17: =COUNTIF(F17:BH17,"P") | BJ17: =SUM((BI17/BI12)*100)
A18: 6 | B18: 2410786 | C18: 3122245002072 | D18: Raghul Krishna V | E18: raghulkrishna2410786@ssn.edu.in | BI18: =COUNTIF(F18:BH18,"P") | BJ18: =SUM((BI18/BI12)*100)
A19: 7 | B19: 2410441 | C19: 3122245002073 | D19: Ragul A | E19: ragul2410441@ssn.edu.in | BI19: =COUNTIF(F19:BH19,"P") | BJ19: =SUM((BI19/BI12)*100)
A20: 8 | B20: 2410834 | C20: 3122245002074 | D20: Ragunandhan M | E20: ragunandhan2410834@ssn.edu.in | BI20: =COUNTIF(F20:BH20,"P") | BJ20: =SUM((BI20/BI12)*100)
A21: 9 | B21: 2410098 | C21: 3122245002075 | D21: Rajkumar M | E21: rajkumar2410098@ssn.edu.in | BI21: =COUNTIF(F21:BH21,"P") | BJ21: =SUM((BI21/BI12)*100)
A22: 10 | B22: 2410632 | C22: 3122245002076 | D22: Ramakrishnan M R | E22: ramakrishnan2410632@ssn.edu.in | BI22: =COUNTIF(F22:BH22,"P") | BJ22: =SUM((BI22/BI12)*100)
A23: 11 | B23: 2410313 | C23: 3122245002077 | D23: Raveena V K | E23: raveena2410313@ssn.edu.in | BI23: =COUNTIF(F23:BH23,"P") | BJ23: =SUM((BI23/BI12)*100)
A24: 12 | B24: 2410581 | C24: 3122245002078 | D24: Ridhi R | E24: ridhi2410581@ssn.edu.in | BI24: =COUNTIF(F24:BH24,"P") | BJ24: =SUM((BI24/BI12)*100)
A25: 13 | B25: 2410343 | C25: 3122245002079 | D25: Rishikumar Pitchiah Kalyanakumar | E25: rishikumar2410343@ssn.edu.in | BI25: =COUNTIF(F25:BH25,"P") | BJ25: =SUM((BI25/BI12)*100)
A26: 14 | B26: 2410308 | C26: 3122245002080 | D26: Rithin Asvathama V | E26: rithinasvathama2410308@ssn.edu.in | BI26: =COUNTIF(F26:BH26,"P") | BJ26: =SUM((BI26/BI12)*100)
A27: 15 | B27: 2410445 | C27: 3122245002081 | D27: Ritvik Kumar T | E27: ritvikkumar2410445@ssn.edu.in | BI27: =COUNTIF(F27:BH27,"P") | BJ27: =SUM((BI27/BI12)*100)
A28: 16 | B28: 2410230 | C28: 3122245002082 | D28: Roja Sri R | E28: rojasri2410230@ssn.edu.in | BI28: =COUNTIF(F28:BH28,"P") | BJ28: =SUM((BI28/BI12)*100)
A29: 17 | B29: 2410331 | C29: 3122245002083 | D29: Rovena Madharasi I | E29: rovenamadharasi2410331@ssn.edu.in | BI29: =COUNTIF(F29:BH29,"P") | BJ29: =SUM((BI29/BI12)*100)
A30: 18 | B30: 2410229 | C30: 3122245002084 | D30: Sabarish S B | E30: sabarish2410229@ssn.edu.in | BI30: =COUNTIF(F30:BH30,"P") | BJ30: =SUM((BI30/BI12)*100)
A31: 19 | B31: 2410984 | C31: 3122245002085 | D31: Sahana A | E31: sahana2410984@ssn.edu.in | BI31: =COUNTIF(F31:BH31,"P") | BJ31: =SUM((BI31/BI12)*100)
A32: 20 | B32: 2410091 | C32: 3122245002086 | D32: Sandhya B | E32: sandhya2410091@ssn.edu.in | BI32: =COUNTIF(F32:BH32,"P") | BJ32: =SUM((BI32/BI12)*100)
A33: 21 | B33: 2410706 | C33: 3122245002087 | D33: Sandhya S | E33: sandhya2410706@ssn.edu.in | BI33: =COUNTIF(F33:BH33,"P") | BJ33: =SUM((BI33/BI12)*100)
A34: 22 | B34: 2410778 | C34: 3122245002088 | D34: Sangaraju Sathwik | E34: sangaraju2410778@ssn.edu.in | BI34: =COUNTIF(F34:BH34,"P") | BJ34: =SUM((BI34/BI12)*100)
A35: 23 | B35: 2410162 | C35: 3122245002089 | D35: Sanjana Shankar | E35: sanjana2410162@ssn.edu.in | BI35: =COUNTIF(F35:BH35,"P") | BJ35: =SUM((BI35/BI12)*100)
A36: 24 | B36: 2410514 | C36: 3122245002090 | D36: Sanjay J | E36: sanjay2410514@ssn.edu.in | BI36: =COUNTIF(F36:BH36,"P") | BJ36: =SUM((BI36/BI12)*100)
A37: 25 | B37: 2410068 | C37: 3122245002091 | D37: Sanjay Raam S | E37: sanjayraam2410068@ssn.edu.in | BI37: =COUNTIF(F37:BH37,"P") | BJ37: =SUM((BI37/BI12)*100)
A38: 26 | B38: 2410185 | C38: 3122245002092 | D38: Sanjay T | E38: sanjay2410185@ssn.edu.in | BI38: =COUNTIF(F38:BH38,"P") | BJ38: =SUM((BI38/BI12)*100)
A39: 27 | B39: 2410988 | C39: 3122245002093 | D39: Santhosh Aaron C | E39: santhosh2410988@ssn.edu.in | BI39: =COUNTIF(F39:BH39,"P") | BJ39: =SUM((BI39/BI12)*100)
A40: 28 | B40: 2410488 | C40: 3122245002094 | D40: Sarvesh K | E40: sarvesh2410488@ssn.edu.in | BI40: =COUNTIF(F40:BH40,"P") | BJ40: =SUM((BI40/BI12)*100)
A41: 29 | B41: 2410076 | C41: 3122245002095 | D41: Sarvesh S | E41: sarvesh2410076@ssn.edu.in | BI41: =COUNTIF(F41:BH41,"P") | BJ41: =SUM((BI41/BI12)*100)
A42: 30 | B42: 2410740 | C42: 3122245002096 | D42: Sarvesh S | E42: sarvesh2410740@ssn.edu.in | BI42: =COUNTIF(F42:BH42,"P") | BJ42: =SUM((BI42/BI12)*100)
A43: 31 | B43: 2410118 | C43: 3122245002097 | D43: Sathvik Gururaghavendran | E43: sathvik2410118@ssn.edu.in | BI43: =COUNTIF(F43:BH43,"P") | BJ43: =SUM((BI43/BI12)*100)
A44: 32 | B44: 2410486 | C44: 3122245002098 | D44: Shalini G | E44: shalini2410486@ssn.edu.in | BI44: =COUNTIF(F44:BH44,"P") | BJ44: =SUM((BI44/BI12)*100)
A45: 33 | B45: 2410569 | C45: 3122245002099 | D45: Sharaal Jospeen Rani S | E45: sharaaljospeenrani2410569@ssn.edu.in | BI45: =COUNTIF(F45:BH45,"P") | BJ45: =SUM((BI45/BI12)*100)
A46: 34 | B46: 2410047 | C46: 3122245002100 | D46: Shashank V | E46: shashank2410047@ssn.edu.in | BI46: =COUNTIF(F46:BH46,"P") | BJ46: =SUM((BI46/BI12)*100)
A47: 35 | B47: 2410184 | C47: 3122245002101 | D47: Shree M | E47: shree2410184@ssn.edu.in | BI47: =COUNTIF(F47:BH47,"P") | BJ47: =SUM((BI47/BI13)*100)
A48: 36 | B48: 2410214 | C48: 3122245002102 | D48: Shrika Neeharika C | E48: shrikaneeharika2410214@ssn.edu.in | BI48: =COUNTIF(F48:BH48,"P") | BJ48: =SUM((BI48/BI12)*100)
A49: 37 | B49: 2410072 | C49: 3122245002103 | D49: Shrish V V S Sri Kumar Rasamsetty | E49: shrish2410072@ssn.edu.in | BI49: =COUNTIF(F49:BH49,"P") | BJ49: =SUM((BI49/BI12)*100)
A50: 38 | B50: 2410533 | C50: 3122245002104 | D50: Shyam T J | E50: shyam2410533@ssn.edu.in | BI50: =COUNTIF(F50:BH50,"P") | BJ50: =SUM((BI50/BI12)*100)
A51: 39 | B51: 2410457 | C51: 3122245002105 | D51: Siva Hari Raj S T | E51: sivahariraj2410457@ssn.edu.in | BI51: =COUNTIF(F51:BH51,"P") | BJ51: =SUM((BI51/BI12)*100)
A52: 40 | B52: 2410759 | C52: 3122245002106 | D52: Sivaprasanth K | E52: sivaprasanth2410759@ssn.edu.in | BI52: =COUNTIF(F52:BH52,"P") | BJ52: =SUM((BI52/BI12)*100)
A53: 41 | B53: 2410530 | C53: 3122245002107 | D53: Sreenath G | E53: sreenath2410530@ssn.edu.in | BI53: =COUNTIF(F53:BH53,"P") | BJ53: =SUM((BI53/BI12)*100)
A54: 42 | B54: 2410089 | C54: 3122245002108 | D54: Sri Subhiksha T | E54: sri2410089@ssn.edu.in | BI54: =COUNTIF(F54:BH54,"P") | BJ54: =SUM((BI54/BI12)*100)
A55: 43 | B55: 2410307 | C55: 3122245002109 | D55: Srimathi B | E55: srimathi2410307@ssn.edu.in | BI55: =COUNTIF(F55:BH55,"P") | BJ55: =SUM((BI55/BI12)*100)
A56: 44 | B56: 2410315 | C56: 3122245002110 | D56: Sriram R | E56: sriram2410315@ssn.edu.in | BI56: =COUNTIF(F56:BH56,"P") | BJ56: =SUM((BI56/BI12)*100)
A57: 45 | B57: 2410777 | C57: 3122245002111 | D57: Srivarshan S | E57: srivarshan2410777@ssn.edu.in | BI57: =COUNTIF(F57:BH57,"P") | BJ57: =SUM((BI57/BI12)*100)
A58: 46 | B58: 2410345 | C58: 3122245002112 | D58: Srivathsan G | E58: srivathsan2410345@ssn.edu.in | BI58: =COUNTIF(F58:BH58,"P") | BJ58: =SUM((BI58/BI12)*100)
A59: 47 | B59: 2410867 | C59: 3122245002113 | D59: Sudharsan S | E59: sudharsan2410867@ssn.edu.in | BI59: =COUNTIF(F59:BH59,"P") | BJ59: =SUM((BI59/BI12)*100)
A60: 48 | B60: 2410309 | C60: 3122245002114 | D60: Sunitha Adluru | E60: sunitha2410309@ssn.edu.in | BI60: =COUNTIF(F60:BH60,"P") | BJ60: =SUM((BI60/BI12)*100)
A61: 49 | B61: 2410404 | C61: 3122245002115 | D61: Supritha R | E61: supritha2410404@ssn.edu.in | BI61: =COUNTIF(F61:BH61,"P") | BJ61: =SUM((BI61/BI12)*100)
A62: 50 | B62: 2410239 | C62: 3122245002116 | D62: Sweta Sri P | E62: swetasri2410239@ssn.edu.in | BI62: =COUNTIF(F62:BH62,"P") | BJ62: =SUM((BI62/BI12)*100)
A63: 51 | B63: 2410247 | C63: 3122245002117 | D63: Tejaswin Bhola | E63: tejaswin2410247@ssn.edu.in | BI63: =COUNTIF(F63:BH63,"P") | BJ63: =SUM((BI63/BI12)*100)
A64: 52 | B64: 2410699 | C64: 3122245002118 | D64: Thamizhini R | E64: thamizhini2410699@ssn.edu.in | BI64: =COUNTIF(F64:BH64,"P") | BJ64: =SUM((BI64/BI12)*100)
A65: 53 | B65: 2410405 | C65: 3122245002119 | D65: Tharun Balaji M | E65: tharunbalaji2410405@ssn.edu.in | BI65: =COUNTIF(F65:BH65,"P") | BJ65: =SUM((BI65/BI12)*100)
A66: 54 | B66: 2410785 | C66: 3122245002120 | D66: Thavasi M | E66: thavasi2410785@ssn.edu.in | BI66: =COUNTIF(F66:BH66,"P") | BJ66: =SUM((BI66/BI12)*100)
A67: 55 | B67: 2410584 | C67: 3122245002121 | D67: Thirukkumaran V M | E67: thirukkumaran2410584@ssn.edu.in | BI67: =COUNTIF(F67:BH67,"P") | BJ67: =SUM((BI67/BI12)*100)
A68: 56 | B68: 2410413 | C68: 3122245002122 | D68: Varsha M | E68: varsha2410413@ssn.edu.in | BI68: =COUNTIF(F68:BH68,"P") | BJ68: =SUM((BI68/BI12)*100)
A69: 57 | B69: 2410848 | C69: 3122245002123 | D69: Varsha S | E69: varsha2410848@ssn.edu.in | BI69: =COUNTIF(F69:BH69,"P") | BJ69: =SUM((BI69/BI12)*100)
A70: 58 | B70: 2410804 | C70: 3122245002124 | D70: Vijai T | E70: vijai2410804@ssn.edu.in | BI70: =COUNTIF(F70:BH70,"P") | BJ70: =SUM((BI70/BI12)*100)
A71: 59 | B71: 2410586 | C71: 3122245002125 | D71: Vimal Raj M | E71: vimalraj2410586@ssn.edu.in | BI71: =COUNTIF(F71:BH71,"P") | BJ71: =SUM((BI71/BI12)*100)
A72: 60 | B72: 2410781 | C72: 3122245002126 | D72: Vinobalan K | E72: vinobalan2410781@ssn.edu.in | BI72: =COUNTIF(F72:BH72,"P") | BJ72: =SUM((BI72/BI12)*100)
A73: 61 | B73: 2410739 | C73: 3122245002127 | D73: Vishnu A | E73: vishnu2410739@ssn.edu.in | BI73: =COUNTIF(F73:BH73,"P") | BJ73: =SUM((BI73/BI12)*100)
A74: 62 | B74: 2410079 | C74: 3122245002128 | D74: Yasasvini Tiwari | E74: yasasvini2410079@ssn.edu.in | BI74: =COUNTIF(F74:BH74,"P") | BJ74: =SUM((BI74/BI12)*100)
A75: 63 | B75: 2410480 | C75: 3122245002129 | D75: Yashwanth B | E75: yashwanth2410480@ssn.edu.in | BI75: =COUNTIF(F75:BH75,"P") | BJ75: =SUM((BI75/BI12)*100)
A76: 64 | B76: 2410433 | C76: 3122245002130 | D76: Yashwanth R | E76: yashwanth2410433@ssn.edu.in | BI76: =COUNTIF(F76:BH76,"P") | BJ76: =SUM((BI76/BI12)*100)
A77: 65 | B77: 2410096 | C77: 3122245002131 | D77: Yasmithasri B | E77: yasmithasri2410096@ssn.edu.in | BI77: =COUNTIF(F77:BH77,"P") | BJ77: =SUM((BI77/BI12)*100)
A78: 66 | B78: 2410990 | C78: 3122245002132 | D78: Yuvanitha A R | E78: yuvanitha2410990@ssn.edu.in | BI78: =COUNTIF(F78:BH78,"P") | BJ78: =SUM((BI78/BI12)*100)
A79: 67 | B79: 2412049 | C79: 3122245002304 | D79: Darshan S S | E79: darshan2412049@ssn.edu.in | BI79: =COUNTIF(F79:BH79,"P") | BJ79: =SUM((BI79/BI12)*100)
A80: 68 | B80: 2412046 | C80: 3122245002307 | D80: Manojkumar G | E80: manojkumar2412046@ssn.edu.in | BI80: =COUNTIF(F80:BH80,"P") | BJ80: =SUM((BI80/BI12)*100)
A81: 69 | B81: 2412010 | C81: 3122245002308 | D81: Rhea Jenifer P | E81: rheajenifer2412010@ssn.edu.in | BI81: =COUNTIF(F81:BH81,"P") | BJ81: =SUM((BI81/BI12)*100)
A82: 70 | B82: 2412073 | C82: 3122245002309 | D82: Sadhika T S | E82: sadhika2412073@ssn.edu.in | BI82: =COUNTIF(F82:BH82,"P") | BJ82: =SUM((BI82/BI12)*100)
A83: 71 | B83: 2412001 | C83: 3122245002310 | D83: Sundararajan R | E83: sundararajan2412001@ssn.edu.in
E91: Total No. of Students | F91: 71
E92: Total No. of Presentees | F92: =COUNTIF(F13:F82,"P")
E93: Total No. of Absentees | F93: =COUNTIF(F13:F82,"A")
E94: Presentees Percentage | F94: =SUM((F92/F91)*100)
E95: Absentees Percentage | F95: =SUM((F93/F91)*100)

Sheet UIT3519
A1: Sri Sivasubramaniya Nadar College of Engineering, Kalavakkam - 603 110
A2: Department of Information Technology
A3: ATTENDANCE SHEET
A4: Class & Section : V SEM IT B
A5: Academic Year: 2026-2027 | AV5: Batch : 2024-28
A7: Sub Code & Sub Name : UIT3519 - Introduction to Cyber Security | AU7: ug2024-it@ssn.edu.in
A8: Staff Name : External Expert
F10: Mark "P" for presentees , "A" for absentees
A11: S.No | B11: Digital Id | C11: Register Number | D11: Name as per 12th Mark Sheet | E11: SSN Email ID | F11: Date
BI12: =COUNTA(F12:BH12)
A13: 1 | B13: 2410606 | C13: 3122245002067 | D13: Pragalya T | E13: pragalya2410606@ssn.edu.in | BI13: =COUNTIF(F13:BH13,"P") | BJ13: =SUM((BI13/BI12)*100)
A14: 2 | B14: 2410674 | C14: 3122245002068 | D14: Praghathish G T | E14: praghathish2410674@ssn.edu.in | BI14: =COUNTIF(F14:BH14,"P") | BJ14: =SUM((BI14/BI12)*100)
A15: 3 | B15: 2410080 | C15: 3122245002069 | D15: Pranav C K | E15: pranav2410080@ssn.edu.in | BI15: =COUNTIF(F15:BH15,"P") | BJ15: =SUM((BI15/BI12)*100)
A16: 4 | B16: 2410328 | C16: 3122245002070 | D16: Pranav Vasudevan | E16: pranav2410328@ssn.edu.in | BI16: =COUNTIF(F16:BH16,"P") | BJ16: =SUM((BI16/BI12)*100)
A17: 5 | B17: 2410738 | C17: 3122245002071 | D17: Radhakrishnan M | E17: radhakrishnan2410738@ssn.edu.in | BI17: =COUNTIF(F17:BH17,"P") | BJ17: =SUM((BI17/BI12)*100)
A18: 6 | B18: 2410786 | C18: 3122245002072 | D18: Raghul Krishna V | E18: raghulkrishna2410786@ssn.edu.in | BI18: =COUNTIF(F18:BH18,"P") | BJ18: =SUM((BI18/BI12)*100)
A19: 7 | B19: 2410441 | C19: 3122245002073 | D19: Ragul A | E19: ragul2410441@ssn.edu.in | BI19: =COUNTIF(F19:BH19,"P") | BJ19: =SUM((BI19/BI12)*100)
A20: 8 | B20: 2410834 | C20: 3122245002074 | D20: Ragunandhan M | E20: ragunandhan2410834@ssn.edu.in | BI20: =COUNTIF(F20:BH20,"P") | BJ20: =SUM((BI20/BI12)*100)
A21: 9 | B21: 2410098 | C21: 3122245002075 | D21: Rajkumar M | E21: rajkumar2410098@ssn.edu.in | BI21: =COUNTIF(F21:BH21,"P") | BJ21: =SUM((BI21/BI12)*100)
A22: 10 | B22: 2410632 | C22: 3122245002076 | D22: Ramakrishnan M R | E22: ramakrishnan2410632@ssn.edu.in | BI22: =COUNTIF(F22:BH22,"P") | BJ22: =SUM((BI22/BI12)*100)
A23: 11 | B23: 2410313 | C23: 3122245002077 | D23: Raveena V K | E23: raveena2410313@ssn.edu.in | BI23: =COUNTIF(F23:BH23,"P") | BJ23: =SUM((BI23/BI12)*100)
A24: 12 | B24: 2410581 | C24: 3122245002078 | D24: Ridhi R | E24: ridhi2410581@ssn.edu.in | BI24: =COUNTIF(F24:BH24,"P") | BJ24: =SUM((BI24/BI12)*100)
A25: 13 | B25: 2410343 | C25: 3122245002079 | D25: Rishikumar Pitchiah Kalyanakumar | E25: rishikumar2410343@ssn.edu.in | BI25: =COUNTIF(F25:BH25,"P") | BJ25: =SUM((BI25/BI12)*100)
A26: 14 | B26: 2410308 | C26: 3122245002080 | D26: Rithin Asvathama V | E26: rithinasvathama2410308@ssn.edu.in | BI26: =COUNTIF(F26:BH26,"P") | BJ26: =SUM((BI26/BI12)*100)
A27: 15 | B27: 2410445 | C27: 3122245002081 | D27: Ritvik Kumar T | E27: ritvikkumar2410445@ssn.edu.in | BI27: =COUNTIF(F27:BH27,"P") | BJ27: =SUM((BI27/BI12)*100)
A28: 16 | B28: 2410230 | C28: 3122245002082 | D28: Roja Sri R | E28: rojasri2410230@ssn.edu.in | BI28: =COUNTIF(F28:BH28,"P") | BJ28: =SUM((BI28/BI12)*100)
A29: 17 | B29: 2410331 | C29: 3122245002083 | D29: Rovena Madharasi I | E29: rovenamadharasi2410331@ssn.edu.in | BI29: =COUNTIF(F29:BH29,"P") | BJ29: =SUM((BI29/BI12)*100)
A30: 18 | B30: 2410229 | C30: 3122245002084 | D30: Sabarish S B | E30: sabarish2410229@ssn.edu.in | BI30: =COUNTIF(F30:BH30,"P") | BJ30: =SUM((BI30/BI12)*100)
A31: 19 | B31: 2410984 | C31: 3122245002085 | D31: Sahana A | E31: sahana2410984@ssn.edu.in | BI31: =COUNTIF(F31:BH31,"P") | BJ31: =SUM((BI31/BI12)*100)
A32: 20 | B32: 2410091 | C32: 3122245002086 | D32: Sandhya B | E32: sandhya2410091@ssn.edu.in | BI32: =COUNTIF(F32:BH32,"P") | BJ32: =SUM((BI32/BI12)*100)
A33: 21 | B33: 2410706 | C33: 3122245002087 | D33: Sandhya S | E33: sandhya2410706@ssn.edu.in | BI33: =COUNTIF(F33:BH33,"P") | BJ33: =SUM((BI33/BI12)*100)
A34: 22 | B34: 2410778 | C34: 3122245002088 | D34: Sangaraju Sathwik | E34: sangaraju2410778@ssn.edu.in | BI34: =COUNTIF(F34:BH34,"P") | BJ34: =SUM((BI34/BI12)*100)
A35: 23 | B35: 2410162 | C35: 3122245002089 | D35: Sanjana Shankar | E35: sanjana2410162@ssn.edu.in | BI35: =COUNTIF(F35:BH35,"P") | BJ35: =SUM((BI35/BI12)*100)
A36: 24 | B36: 2410514 | C36: 3122245002090 | D36: Sanjay J | E36: sanjay2410514@ssn.edu.in | BI36: =COUNTIF(F36:BH36,"P") | BJ36: =SUM((BI36/BI12)*100)
A37: 25 | B37: 2410068 | C37: 3122245002091 | D37: Sanjay Raam S | E37: sanjayraam2410068@ssn.edu.in | BI37: =COUNTIF(F37:BH37,"P") | BJ37: =SUM((BI37/BI12)*100)
A38: 26 | B38: 2410185 | C38: 3122245002092 | D38: Sanjay T | E38: sanjay2410185@ssn.edu.in | BI38: =COUNTIF(F38:BH38,"P") | BJ38: =SUM((BI38/BI12)*100)
A39: 27 | B39: 2410988 | C39: 3122245002093 | D39: Santhosh Aaron C | E39: santhosh2410988@ssn.edu.in | BI39: =COUNTIF(F39:BH39,"P") | BJ39: =SUM((BI39/BI12)*100)
A40: 28 | B40: 2410488 | C40: 3122245002094 | D40: Sarvesh K | E40: sarvesh2410488@ssn.edu.in | BI40: =COUNTIF(F40:BH40,"P") | BJ40: =SUM((BI40/BI12)*100)
A41: 29 | B41: 2410076 | C41: 3122245002095 | D41: Sarvesh S | E41: sarvesh2410076@ssn.edu.in | BI41: =COUNTIF(F41:BH41,"P") | BJ41: =SUM((BI41/BI12)*100)
A42: 30 | B42: 2410740 | C42: 3122245002096 | D42: Sarvesh S | E42: sarvesh2410740@ssn.edu.in | BI42: =COUNTIF(F42:BH42,"P") | BJ42: =SUM((BI42/BI12)*100)
A43: 31 | B43: 2410118 | C43: 3122245002097 | D43: Sathvik Gururaghavendran | E43: sathvik2410118@ssn.edu.in | BI43: =COUNTIF(F43:BH43,"P") | BJ43: =SUM((BI43/BI12)*100)
A44: 32 | B44: 2410486 | C44: 3122245002098 | D44: Shalini G | E44: shalini2410486@ssn.edu.in | BI44: =COUNTIF(F44:BH44,"P") | BJ44: =SUM((BI44/BI12)*100)
A45: 33 | B45: 2410569 | C45: 3122245002099 | D45: Sharaal Jospeen Rani S | E45: sharaaljospeenrani2410569@ssn.edu.in | BI45: =COUNTIF(F45:BH45,"P") | BJ45: =SUM((BI45/BI12)*100)
A46: 34 | B46: 2410047 | C46: 3122245002100 | D46: Shashank V | E46: shashank2410047@ssn.edu.in | BI46: =COUNTIF(F46:BH46,"P") | BJ46: =SUM((BI46/BI12)*100)
A47: 35 | B47: 2410184 | C47: 3122245002101 | D47: Shree M | E47: shree2410184@ssn.edu.in | BI47: =COUNTIF(F47:BH47,"P") | BJ47: =SUM((BI47/BI13)*100)
A48: 36 | B48: 2410214 | C48: 3122245002102 | D48: Shrika Neeharika C | E48: shrikaneeharika2410214@ssn.edu.in | BI48: =COUNTIF(F48:BH48,"P") | BJ48: =SUM((BI48/BI12)*100)
A49: 37 | B49: 2410072 | C49: 3122245002103 | D49: Shrish V V S Sri Kumar Rasamsetty | E49: shrish2410072@ssn.edu.in | BI49: =COUNTIF(F49:BH49,"P") | BJ49: =SUM((BI49/BI12)*100)
A50: 38 | B50: 2410533 | C50: 3122245002104 | D50: Shyam T J | E50: shyam2410533@ssn.edu.in | BI50: =COUNTIF(F50:BH50,"P") | BJ50: =SUM((BI50/BI12)*100)
A51: 39 | B51: 2410457 | C51: 3122245002105 | D51: Siva Hari Raj S T | E51: sivahariraj2410457@ssn.edu.in | BI51: =COUNTIF(F51:BH51,"P") | BJ51: =SUM((BI51/BI12)*100)
A52: 40 | B52: 2410759 | C52: 3122245002106 | D52: Sivaprasanth K | E52: sivaprasanth2410759@ssn.edu.in | BI52: =COUNTIF(F52:BH52,"P") | BJ52: =SUM((BI52/BI12)*100)
A53: 41 | B53: 2410530 | C53: 3122245002107 | D53: Sreenath G | E53: sreenath2410530@ssn.edu.in | BI53: =COUNTIF(F53:BH53,"P") | BJ53: =SUM((BI53/BI12)*100)
A54: 42 | B54: 2410089 | C54: 3122245002108 | D54: Sri Subhiksha T | E54: sri2410089@ssn.edu.in | BI54: =COUNTIF(F54:BH54,"P") | BJ54: =SUM((BI54/BI12)*100)
A55: 43 | B55: 2410307 | C55: 3122245002109 | D55: Srimathi B | E55: srimathi2410307@ssn.edu.in | BI55: =COUNTIF(F55:BH55,"P") | BJ55: =SUM((BI55/BI12)*100)
A56: 44 | B56: 2410315 | C56: 3122245002110 | D56: Sriram R | E56: sriram2410315@ssn.edu.in | BI56: =COUNTIF(F56:BH56,"P") | BJ56: =SUM((BI56/BI12)*100)
A57: 45 | B57: 2410777 | C57: 3122245002111 | D57: Srivarshan S | E57: srivarshan2410777@ssn.edu.in | BI57: =COUNTIF(F57:BH57,"P") | BJ57: =SUM((BI57/BI12)*100)
A58: 46 | B58: 2410345 | C58: 3122245002112 | D58: Srivathsan G | E58: srivathsan2410345@ssn.edu.in | BI58: =COUNTIF(F58:BH58,"P") | BJ58: =SUM((BI58/BI12)*100)
A59: 47 | B59: 2410867 | C59: 3122245002113 | D59: Sudharsan S | E59: sudharsan2410867@ssn.edu.in | BI59: =COUNTIF(F59:BH59,"P") | BJ59: =SUM((BI59/BI12)*100)
A60: 48 | B60: 2410309 | C60: 3122245002114 | D60: Sunitha Adluru | E60: sunitha2410309@ssn.edu.in | BI60: =COUNTIF(F60:BH60,"P") | BJ60: =SUM((BI60/BI12)*100)
A61: 49 | B61: 2410404 | C61: 3122245002115 | D61: Supritha R | E61: supritha2410404@ssn.edu.in | BI61: =COUNTIF(F61:BH61,"P") | BJ61: =SUM((BI61/BI12)*100)
A62: 50 | B62: 2410239 | C62: 3122245002116 | D62: Sweta Sri P | E62: swetasri2410239@ssn.edu.in | BI62: =COUNTIF(F62:BH62,"P") | BJ62: =SUM((BI62/BI12)*100)
A63: 51 | B63: 2410247 | C63: 3122245002117 | D63: Tejaswin Bhola | E63: tejaswin2410247@ssn.edu.in | BI63: =COUNTIF(F63:BH63,"P") | BJ63: =SUM((BI63/BI12)*100)
A64: 52 | B64: 2410699 | C64: 3122245002118 | D64: Thamizhini R | E64: thamizhini2410699@ssn.edu.in | BI64: =COUNTIF(F64:BH64,"P") | BJ64: =SUM((BI64/BI12)*100)
A65: 53 | B65: 2410405 | C65: 3122245002119 | D65: Tharun Balaji M | E65: tharunbalaji2410405@ssn.edu.in | BI65: =COUNTIF(F65:BH65,"P") | BJ65: =SUM((BI65/BI12)*100)
A66: 54 | B66: 2410785 | C66: 3122245002120 | D66: Thavasi M | E66: thavasi2410785@ssn.edu.in | BI66: =COUNTIF(F66:BH66,"P") | BJ66: =SUM((BI66/BI12)*100)
A67: 55 | B67: 2410584 | C67: 3122245002121 | D67: Thirukkumaran V M | E67: thirukkumaran2410584@ssn.edu.in | BI67: =COUNTIF(F67:BH67,"P") | BJ67: =SUM((BI67/BI12)*100)
A68: 56 | B68: 2410413 | C68: 3122245002122 | D68: Varsha M | E68: varsha2410413@ssn.edu.in | BI68: =COUNTIF(F68:BH68,"P") | BJ68: =SUM((BI68/BI12)*100)
A69: 57 | B69: 2410848 | C69: 3122245002123 | D69: Varsha S | E69: varsha2410848@ssn.edu.in | BI69: =COUNTIF(F69:BH69,"P") | BJ69: =SUM((BI69/BI12)*100)
A70: 58 | B70: 2410804 | C70: 3122245002124 | D70: Vijai T | E70: vijai2410804@ssn.edu.in | BI70: =COUNTIF(F70:BH70,"P") | BJ70: =SUM((BI70/BI12)*100)
A71: 59 | B71: 2410586 | C71: 3122245002125 | D71: Vimal Raj M | E71: vimalraj2410586@ssn.edu.in | BI71: =COUNTIF(F71:BH71,"P") | BJ71: =SUM((BI71/BI12)*100)
A72: 60 | B72: 2410781 | C72: 3122245002126 | D72: Vinobalan K | E72: vinobalan2410781@ssn.edu.in | BI72: =COUNTIF(F72:BH72,"P") | BJ72: =SUM((BI72/BI12)*100)
A73: 61 | B73: 2410739 | C73: 3122245002127 | D73: Vishnu A | E73: vishnu2410739@ssn.edu.in | BI73: =COUNTIF(F73:BH73,"P") | BJ73: =SUM((BI73/BI12)*100)
A74: 62 | B74: 2410079 | C74: 3122245002128 | D74: Yasasvini Tiwari | E74: yasasvini2410079@ssn.edu.in | BI74: =COUNTIF(F74:BH74,"P") | BJ74: =SUM((BI74/BI12)*100)
A75: 63 | B75: 2410480 | C75: 3122245002129 | D75: Yashwanth B | E75: yashwanth2410480@ssn.edu.in | BI75: =COUNTIF(F75:BH75,"P") | BJ75: =SUM((BI75/BI12)*100)
A76: 64 | B76: 2410433 | C76: 3122245002130 | D76: Yashwanth R | E76: yashwanth2410433@ssn.edu.in | BI76: =COUNTIF(F76:BH76,"P") | BJ76: =SUM((BI76/BI12)*100)
A77: 65 | B77: 2410096 | C77: 3122245002131 | D77: Yasmithasri B | E77: yasmithasri2410096@ssn.edu.in | BI77: =COUNTIF(F77:BH77,"P") | BJ77: =SUM((BI77/BI12)*100)
A78: 66 | B78: 2410990 | C78: 3122245002132 | D78: Yuvanitha A R | E78: yuvanitha2410990@ssn.edu.in | BI78: =COUNTIF(F78:BH78,"P") | BJ78: =SUM((BI78/BI12)*100)
A79: 67 | B79: 2412049 | C79: 3122245002304 | D79: Darshan S S | E79: darshan2412049@ssn.edu.in | BI79: =COUNTIF(F79:BH79,"P") | BJ79: =SUM((BI79/BI12)*100)
A80: 68 | B80: 2412046 | C80: 3122245002307 | D80: Manojkumar G | E80: manojkumar2412046@ssn.edu.in | BI80: =COUNTIF(F80:BH80,"P") | BJ80: =SUM((BI80/BI12)*100)
A81: 69 | B81: 2412010 | C81: 3122245002308 | D81: Rhea Jenifer P | E81: rheajenifer2412010@ssn.edu.in | BI81: =COUNTIF(F81:BH81,"P") | BJ81: =SUM((BI81/BI12)*100)
A82: 70 | B82: 2412073 | C82: 3122245002309 | D82: Sadhika T S | E82: sadhika2412073@ssn.edu.in | BI82: =COUNTIF(F82:BH82,"P") | BJ82: =SUM((BI82/BI12)*100)
A83: 71 | B83: 2412001 | C83: 3122245002310 | D83: Sundararajan R | E83: sundararajan2412001@ssn.edu.in
E91: Total No. of Students | F91: 71
E92: Total No. of Presentees | F92: =COUNTIF(F13:F82,"P")
E93: Total No. of Absentees | F93: =COUNTIF(F13:F82,"A")
E94: Presentees Percentage | F94: =SUM((F92/F91)*100)
E95: Absentees Percentage | F95: =SUM((F93/F91)*100)

Sheet UIT3517
A1: Sri Sivasubramaniya Nadar College of Engineering, Kalavakkam - 603 110
A2: Department of Information Technology
A3: ATTENDANCE SHEET
A4: Class & Section : V SEM IT B
A5: Academic Year: 2026-2027 | AV5: Batch : 2024-28
A7: Sub Code & Sub Name : UIT3517 - Mini Project (Software Development Project – II) | AU7: ug2024-it@ssn.edu.in
A8: Staff Name :Dr. A. Shahina, Dr. R. Srinivasan, Dr. S. Karthika, Dr. H. Sabireen, Dr. Arige Sumanth, Dr. Mahabub Hasan Mahalat, Dr. Irshed Hussain
F10: Mark "P" for presentees , "A" for absentees
A11: S.No | B11: Digital Id | C11: Register Number | D11: Name as per 12th Mark Sheet | E11: SSN Email ID | F11: Date
BI12: =COUNTA(F12:BH12)
A13: 1 | B13: 2410606 | C13: 3122245002067 | D13: Pragalya T | E13: pragalya2410606@ssn.edu.in | BI13: =COUNTIF(F13:BH13,"P") | BJ13: =SUM((BI13/BI12)*100)
A14: 2 | B14: 2410674 | C14: 3122245002068 | D14: Praghathish G T | E14: praghathish2410674@ssn.edu.in | BI14: =COUNTIF(F14:BH14,"P") | BJ14: =SUM((BI14/BI12)*100)
A15: 3 | B15: 2410080 | C15: 3122245002069 | D15: Pranav C K | E15: pranav2410080@ssn.edu.in | BI15: =COUNTIF(F15:BH15,"P") | BJ15: =SUM((BI15/BI12)*100)
A16: 4 | B16: 2410328 | C16: 3122245002070 | D16: Pranav Vasudevan | E16: pranav2410328@ssn.edu.in | BI16: =COUNTIF(F16:BH16,"P") | BJ16: =SUM((BI16/BI12)*100)
A17: 5 | B17: 2410738 | C17: 3122245002071 | D17: Radhakrishnan M | E17: radhakrishnan2410738@ssn.edu.in | BI17: =COUNTIF(F17:BH17,"P") | BJ17: =SUM((BI17/BI12)*100)
A18: 6 | B18: 2410786 | C18: 3122245002072 | D18: Raghul Krishna V | E18: raghulkrishna2410786@ssn.edu.in | BI18: =COUNTIF(F18:BH18,"P") | BJ18: =SUM((BI18/BI12)*100)
A19: 7 | B19: 2410441 | C19: 3122245002073 | D19: Ragul A | E19: ragul2410441@ssn.edu.in | BI19: =COUNTIF(F19:BH19,"P") | BJ19: =SUM((BI19/BI12)*100)
A20: 8 | B20: 2410834 | C20: 3122245002074 | D20: Ragunandhan M | E20: ragunandhan2410834@ssn.edu.in | BI20: =COUNTIF(F20:BH20,"P") | BJ20: =SUM((BI20/BI12)*100)
A21: 9 | B21: 2410098 | C21: 3122245002075 | D21: Rajkumar M | E21: rajkumar2410098@ssn.edu.in | BI21: =COUNTIF(F21:BH21,"P") | BJ21: =SUM((BI21/BI12)*100)
A22: 10 | B22: 2410632 | C22: 3122245002076 | D22: Ramakrishnan M R | E22: ramakrishnan2410632@ssn.edu.in | BI22: =COUNTIF(F22:BH22,"P") | BJ22: =SUM((BI22/BI12)*100)
A23: 11 | B23: 2410313 | C23: 3122245002077 | D23: Raveena V K | E23: raveena2410313@ssn.edu.in | BI23: =COUNTIF(F23:BH23,"P") | BJ23: =SUM((BI23/BI12)*100)
A24: 12 | B24: 2410581 | C24: 3122245002078 | D24: Ridhi R | E24: ridhi2410581@ssn.edu.in | BI24: =COUNTIF(F24:BH24,"P") | BJ24: =SUM((BI24/BI12)*100)
A25: 13 | B25: 2410343 | C25: 3122245002079 | D25: Rishikumar Pitchiah Kalyanakumar | E25: rishikumar2410343@ssn.edu.in | BI25: =COUNTIF(F25:BH25,"P") | BJ25: =SUM((BI25/BI12)*100)
A26: 14 | B26: 2410308 | C26: 3122245002080 | D26: Rithin Asvathama V | E26: rithinasvathama2410308@ssn.edu.in | BI26: =COUNTIF(F26:BH26,"P") | BJ26: =SUM((BI26/BI12)*100)
A27: 15 | B27: 2410445 | C27: 3122245002081 | D27: Ritvik Kumar T | E27: ritvikkumar2410445@ssn.edu.in | BI27: =COUNTIF(F27:BH27,"P") | BJ27: =SUM((BI27/BI12)*100)
A28: 16 | B28: 2410230 | C28: 3122245002082 | D28: Roja Sri R | E28: rojasri2410230@ssn.edu.in | BI28: =COUNTIF(F28:BH28,"P") | BJ28: =SUM((BI28/BI12)*100)
A29: 17 | B29: 2410331 | C29: 3122245002083 | D29: Rovena Madharasi I | E29: rovenamadharasi2410331@ssn.edu.in | BI29: =COUNTIF(F29:BH29,"P") | BJ29: =SUM((BI29/BI12)*100)
A30: 18 | B30: 2410229 | C30: 3122245002084 | D30: Sabarish S B | E30: sabarish2410229@ssn.edu.in | BI30: =COUNTIF(F30:BH30,"P") | BJ30: =SUM((BI30/BI12)*100)
A31: 19 | B31: 2410984 | C31: 3122245002085 | D31: Sahana A | E31: sahana2410984@ssn.edu.in | BI31: =COUNTIF(F31:BH31,"P") | BJ31: =SUM((BI31/BI12)*100)
A32: 20 | B32: 2410091 | C32: 3122245002086 | D32: Sandhya B | E32: sandhya2410091@ssn.edu.in | BI32: =COUNTIF(F32:BH32,"P") | BJ32: =SUM((BI32/BI12)*100)
A33: 21 | B33: 2410706 | C33: 3122245002087 | D33: Sandhya S | E33: sandhya2410706@ssn.edu.in | BI33: =COUNTIF(F33:BH33,"P") | BJ33: =SUM((BI33/BI12)*100)
A34: 22 | B34: 2410778 | C34: 3122245002088 | D34: Sangaraju Sathwik | E34: sangaraju2410778@ssn.edu.in | BI34: =COUNTIF(F34:BH34,"P") | BJ34: =SUM((BI34/BI12)*100)
A35: 23 | B35: 2410162 | C35: 3122245002089 | D35: Sanjana Shankar | E35: sanjana2410162@ssn.edu.in | BI35: =COUNTIF(F35:BH35,"P") | BJ35: =SUM((BI35/BI12)*100)
A36: 24 | B36: 2410514 | C36: 3122245002090 | D36: Sanjay J | E36: sanjay2410514@ssn.edu.in | BI36: =COUNTIF(F36:BH36,"P") | BJ36: =SUM((BI36/BI12)*100)
A37: 25 | B37: 2410068 | C37: 3122245002091 | D37: Sanjay Raam S | E37: sanjayraam2410068@ssn.edu.in | BI37: =COUNTIF(F37:BH37,"P") | BJ37: =SUM((BI37/BI12)*100)
A38: 26 | B38: 2410185 | C38: 3122245002092 | D38: Sanjay T | E38: sanjay2410185@ssn.edu.in | BI38: =COUNTIF(F38:BH38,"P") | BJ38: =SUM((BI38/BI12)*100)
A39: 27 | B39: 2410988 | C39: 3122245002093 | D39: Santhosh Aaron C | E39: santhosh2410988@ssn.edu.in | BI39: =COUNTIF(F39:BH39,"P") | BJ39: =SUM((BI39/BI12)*100)
A40: 28 | B40: 2410488 | C40: 3122245002094 | D40: Sarvesh K | E40: sarvesh2410488@ssn.edu.in | BI40: =COUNTIF(F40:BH40,"P") | BJ40: =SUM((BI40/BI12)*100)
A41: 29 | B41: 2410076 | C41: 3122245002095 | D41: Sarvesh S | E41: sarvesh2410076@ssn.edu.in | BI41: =COUNTIF(F41:BH41,"P") | BJ41: =SUM((BI41/BI12)*100)
A42: 30 | B42: 2410740 | C42: 3122245002096 | D42: Sarvesh S | E42: sarvesh2410740@ssn.edu.in | BI42: =COUNTIF(F42:BH42,"P") | BJ42: =SUM((BI42/BI12)*100)
A43: 31 | B43: 2410118 | C43: 3122245002097 | D43: Sathvik Gururaghavendran | E43: sathvik2410118@ssn.edu.in | BI43: =COUNTIF(F43:BH43,"P") | BJ43: =SUM((BI43/BI12)*100)
A44: 32 | B44: 2410486 | C44: 3122245002098 | D44: Shalini G | E44: shalini2410486@ssn.edu.in | BI44: =COUNTIF(F44:BH44,"P") | BJ44: =SUM((BI44/BI12)*100)
A45: 33 | B45: 2410569 | C45: 3122245002099 | D45: Sharaal Jospeen Rani S | E45: sharaaljospeenrani2410569@ssn.edu.in | BI45: =COUNTIF(F45:BH45,"P") | BJ45: =SUM((BI45/BI12)*100)
A46: 34 | B46: 2410047 | C46: 3122245002100 | D46: Shashank V | E46: shashank2410047@ssn.edu.in | BI46: =COUNTIF(F46:BH46,"P") | BJ46: =SUM((BI46/BI12)*100)
A47: 35 | B47: 2410184 | C47: 3122245002101 | D47: Shree M | E47: shree2410184@ssn.edu.in | BI47: =COUNTIF(F47:BH47,"P") | BJ47: =SUM((BI47/BI13)*100)
A48: 36 | B48: 2410214 | C48: 3122245002102 | D48: Shrika Neeharika C | E48: shrikaneeharika2410214@ssn.edu.in | BI48: =COUNTIF(F48:BH48,"P") | BJ48: =SUM((BI48/BI12)*100)
A49: 37 | B49: 2410072 | C49: 3122245002103 | D49: Shrish V V S Sri Kumar Rasamsetty | E49: shrish2410072@ssn.edu.in | BI49: =COUNTIF(F49:BH49,"P") | BJ49: =SUM((BI49/BI12)*100)
A50: 38 | B50: 2410533 | C50: 3122245002104 | D50: Shyam T J | E50: shyam2410533@ssn.edu.in | BI50: =COUNTIF(F50:BH50,"P") | BJ50: =SUM((BI50/BI12)*100)
A51: 39 | B51: 2410457 | C51: 3122245002105 | D51: Siva Hari Raj S T | E51: sivahariraj2410457@ssn.edu.in | BI51: =COUNTIF(F51:BH51,"P") | BJ51: =SUM((BI51/BI12)*100)
A52: 40 | B52: 2410759 | C52: 3122245002106 | D52: Sivaprasanth K | E52: sivaprasanth2410759@ssn.edu.in | BI52: =COUNTIF(F52:BH52,"P") | BJ52: =SUM((BI52/BI12)*100)
A53: 41 | B53: 2410530 | C53: 3122245002107 | D53: Sreenath G | E53: sreenath2410530@ssn.edu.in | BI53: =COUNTIF(F53:BH53,"P") | BJ53: =SUM((BI53/BI12)*100)
A54: 42 | B54: 2410089 | C54: 3122245002108 | D54: Sri Subhiksha T | E54: sri2410089@ssn.edu.in | BI54: =COUNTIF(F54:BH54,"P") | BJ54: =SUM((BI54/BI12)*100)
A55: 43 | B55: 2410307 | C55: 3122245002109 | D55: Srimathi B | E55: srimathi2410307@ssn.edu.in | BI55: =COUNTIF(F55:BH55,"P") | BJ55: =SUM((BI55/BI12)*100)
A56: 44 | B56: 2410315 | C56: 3122245002110 | D56: Sriram R | E56: sriram2410315@ssn.edu.in | BI56: =COUNTIF(F56:BH56,"P") | BJ56: =SUM((BI56/BI12)*100)
A57: 45 | B57: 2410777 | C57: 3122245002111 | D57: Srivarshan S | E57: srivarshan2410777@ssn.edu.in | BI57: =COUNTIF(F57:BH57,"P") | BJ57: =SUM((BI57/BI12)*100)
A58: 46 | B58: 2410345 | C58: 3122245002112 | D58: Srivathsan G | E58: srivathsan2410345@ssn.edu.in | BI58: =COUNTIF(F58:BH58,"P") | BJ58: =SUM((BI58/BI12)*100)
A59: 47 | B59: 2410867 | C59: 3122245002113 | D59: Sudharsan S | E59: sudharsan2410867@ssn.edu.in | BI59: =COUNTIF(F59:BH59,"P") | BJ59: =SUM((BI59/BI12)*100)
A60: 48 | B60: 2410309 | C60: 3122245002114 | D60: Sunitha Adluru | E60: sunitha2410309@ssn.edu.in | BI60: =COUNTIF(F60:BH60,"P") | BJ60: =SUM((BI60/BI12)*100)
A61: 49 | B61: 2410404 | C61: 3122245002115 | D61: Supritha R | E61: supritha2410404@ssn.edu.in | BI61: =COUNTIF(F61:BH61,"P") | BJ61: =SUM((BI61/BI12)*100)
A62: 50 | B62: 2410239 | C62: 3122245002116 | D62: Sweta Sri P | E62: swetasri2410239@ssn.edu.in | BI62: =COUNTIF(F62:BH62,"P") | BJ62: =SUM((BI62/BI12)*100)
A63: 51 | B63: 2410247 | C63: 3122245002117 | D63: Tejaswin Bhola | E63: tejaswin2410247@ssn.edu.in | BI63: =COUNTIF(F63:BH63,"P") | BJ63: =SUM((BI63/BI12)*100)
A64: 52 | B64: 2410699 | C64: 3122245002118 | D64: Thamizhini R | E64: thamizhini2410699@ssn.edu.in | BI64: =COUNTIF(F64:BH64,"P") | BJ64: =SUM((BI64/BI12)*100)
A65: 53 | B65: 2410405 | C65: 3122245002119 | D65: Tharun Balaji M | E65: tharunbalaji2410405@ssn.edu.in | BI65: =COUNTIF(F65:BH65,"P") | BJ65: =SUM((BI65/BI12)*100)
A66: 54 | B66: 2410785 | C66: 3122245002120 | D66: Thavasi M | E66: thavasi2410785@ssn.edu.in | BI66: =COUNTIF(F66:BH66,"P") | BJ66: =SUM((BI66/BI12)*100)
A67: 55 | B67: 2410584 | C67: 3122245002121 | D67: Thirukkumaran V M | E67: thirukkumaran2410584@ssn.edu.in | BI67: =COUNTIF(F67:BH67,"P") | BJ67: =SUM((BI67/BI12)*100)
A68: 56 | B68: 2410413 | C68: 3122245002122 | D68: Varsha M | E68: varsha2410413@ssn.edu.in | BI68: =COUNTIF(F68:BH68,"P") | BJ68: =SUM((BI68/BI12)*100)
A69: 57 | B69: 2410848 | C69: 3122245002123 | D69: Varsha S | E69: varsha2410848@ssn.edu.in | BI69: =COUNTIF(F69:BH69,"P") | BJ69: =SUM((BI69/BI12)*100)
A70: 58 | B70: 2410804 | C70: 3122245002124 | D70: Vijai T | E70: vijai2410804@ssn.edu.in | BI70: =COUNTIF(F70:BH70,"P") | BJ70: =SUM((BI70/BI12)*100)
A71: 59 | B71: 2410586 | C71: 3122245002125 | D71: Vimal Raj M | E71: vimalraj2410586@ssn.edu.in | BI71: =COUNTIF(F71:BH71,"P") | BJ71: =SUM((BI71/BI12)*100)
A72: 60 | B72: 2410781 | C72: 3122245002126 | D72: Vinobalan K | E72: vinobalan2410781@ssn.edu.in | BI72: =COUNTIF(F72:BH72,"P") | BJ72: =SUM((BI72/BI12)*100)
A73: 61 | B73: 2410739 | C73: 3122245002127 | D73: Vishnu A | E73: vishnu2410739@ssn.edu.in | BI73: =COUNTIF(F73:BH73,"P") | BJ73: =SUM((BI73/BI12)*100)
A74: 62 | B74: 2410079 | C74: 3122245002128 | D74: Yasasvini Tiwari | E74: yasasvini2410079@ssn.edu.in | BI74: =COUNTIF(F74:BH74,"P") | BJ74: =SUM((BI74/BI12)*100)
A75: 63 | B75: 2410480 | C75: 3122245002129 | D75: Yashwanth B | E75: yashwanth2410480@ssn.edu.in | BI75: =COUNTIF(F75:BH75,"P") | BJ75: =SUM((BI75/BI12)*100)
A76: 64 | B76: 2410433 | C76: 3122245002130 | D76: Yashwanth R | E76: yashwanth2410433@ssn.edu.in | BI76: =COUNTIF(F76:BH76,"P") | BJ76: =SUM((BI76/BI12)*100)
A77: 65 | B77: 2410096 | C77: 3122245002131 | D77: Yasmithasri B | E77: yasmithasri2410096@ssn.edu.in | BI77: =COUNTIF(F77:BH77,"P") | BJ77: =SUM((BI77/BI12)*100)
A78: 66 | B78: 2410990 | C78: 3122245002132 | D78: Yuvanitha A R | E78: yuvanitha2410990@ssn.edu.in | BI78: =COUNTIF(F78:BH78,"P") | BJ78: =SUM((BI78/BI12)*100)
A79: 67 | B79: 2412049 | C79: 3122245002304 | D79: Darshan S S | E79: darshan2412049@ssn.edu.in | BI79: =COUNTIF(F79:BH79,"P") | BJ79: =SUM((BI79/BI12)*100)
A80: 68 | B80: 2412046 | C80: 3122245002307 | D80: Manojkumar G | E80: manojkumar2412046@ssn.edu.in | BI80: =COUNTIF(F80:BH80,"P") | BJ80: =SUM((BI80/BI12)*100)
A81: 69 | B81: 2412010 | C81: 3122245002308 | D81: Rhea Jenifer P | E81: rheajenifer2412010@ssn.edu.in | BI81: =COUNTIF(F81:BH81,"P") | BJ81: =SUM((BI81/BI12)*100)
A82: 70 | B82: 2412073 | C82: 3122245002309 | D82: Sadhika T S | E82: sadhika2412073@ssn.edu.in | BI82: =COUNTIF(F82:BH82,"P") | BJ82: =SUM((BI82/BI12)*100)
A83: 71 | B83: 2412001 | C83: 3122245002310 | D83: Sundararajan R | E83: sundararajan2412001@ssn.edu.in
E91: Total No. of Students | F91: 71
E92: Total No. of Presentees | F92: =COUNTIF(F13:F82,"P")
E93: Total No. of Absentees | F93: =COUNTIF(F13:F82,"A")
E94: Presentees Percentage | F94: =SUM((F92/F91)*100)
E95: Absentees Percentage | F95: =SUM((F93/F91)*100)

Sheet SUBJECT SUMMARY SHEET
C2: SUBJECTWISE SUMMARY SHEET
A4: Class & Section : V SEM IT A
B5: Subject code | C5: Subject Name | D5: Faculty Name | E5: Total No of students | F5: Total No of Presentees | G5: Percentage
B6: UIT3561 | C6: Full Stack Web Development | D6: Mr. Sankar Santhamoorthy(T) & Dr. K. R. Uthayan(P) | E6: =UIT3561!F91 | F6: =UIT3561!F92 | G6: =SUM((F6/E6)*100)
B7: UIT3562 | C7: Principles of Operating Systems | D7: Dr. I. Joe Louis Paul(T) & Dr. S. Mohanavalli(P) | E7: =UIT3562!F91 | F7: =UIT3562!F92 | G7: =SUM((F7/E7)*100)
B8: UIT3563 | C8: Deep Learning Concepts and Architectures | D8: Dr. Nepoleon Keisham(T) & Dr. A. Shahina(P) | E8: =UIT3563!F91 | F8: =UIT3563!F92 | G8: =SUM((F8/E8)*100)
B9: UIT3501 | C9: Automata Theory and Compiler Design | D9: Dr. P. Vasuki | E9: =UIT3501!F91 | F9: =UIT3501!F92 | G9: =SUM((F9/E9)*100)
B10: UIT3515 | C10: Dev Ops | D10: External Expert | E10: =UIT3515!F91 | F10: =UIT3515!F92 | G10: =SUM((F10/E10)*100)
B11: UIT3519 | C11: Introduction to Cyber Security | D11: External Expert | E11: =UIT3519!F91 | F11: =UIT3519!F92 | G11: =SUM((F11/E11)*100)
B12: UIT3517 | C12: Mini Project (Software Development Project – II) | D12: Dr. A. Shahina, Dr. R. Srinivasan, Dr. S. Karthika, Dr. H. Sabireen, Dr. Arige Sumanth, Dr. Mahabub Hasan Mahalat, Dr. Irshed Hussain | E12: =UIT3517!F91 | F12: =UIT3517!F92 | G12: =SUM((F12/E12)*100)
R41: Dr. P. Jaish
R42: Dr. S. I. Davis Presley
R43: Dr. M. Mohamed Iqbal(T) & Dr. Mahabub Hasan Mahalat(P)
R44: Dr. N. Kalaichelvi
R45: Dr. G. Sornavalli(T) & Dr. N. Radha
R46: Dr. V. Tamilmani
R47: Dr. V. Sivamurugan(T) & Dr. Arige Sumanth(P)
R48: Dr. Arige Sumanth
R49: Dr. N. Kalaichelvi & Dr. P. Vasuki
R50: External Expert

Sheet STUDENT WISE SUMMARY SHEET
A1: Sri Sivasubramaniya Nadar College of Engineering, Kalavakkam - 603 110
A2: Department of Information Technology
A3: STUDENT WISE SUMMARY SHEET
A4: Class & Section : V SEM IT B
A5: Academic Year: 2026-2027
A8: S.No | B8: Digital Id | C8: Register Number | D8: Name as per 12th Mark Sheet | E8: SSN Email ID
A10: 1 | B10: 2410606 | C10: 3122245002067 | D10: Pragalya T | E10: pragalya2410606@ssn.edu.in | F10: =SUM(UIT3561!BJ12+UIT3562!BL12+UIT3563!BI12+UIT3501!BI12+UIT3515!BI12+UIT3519!BI12+UIT3517!BI12) | G10: =SUM(UIT3561!BJ13+UIT3562!BL13+UIT3563!BI13+UIT3501!BI13+UIT3515!BI13+UIT3519!BI13+UIT3517!BI13) | H10: =SUM((G10/F10)*100)
A11: 2 | B11: 2410674 | C11: 3122245002068 | D11: Praghathish G T | E11: praghathish2410674@ssn.edu.in | F11: =SUM(UIT3561!BJ13+UIT3562!BL13+UIT3563!BI13+UIT3501!BI13+UIT3515!BI13+UIT3519!BI13+UIT3517!BI13) | G11: =SUM(UIT3561!BJ14+UIT3562!BL14+UIT3563!BI14+UIT3501!BI14+UIT3515!BI14+UIT3519!BI14+UIT3517!BI14) | H11: =SUM((G11/F11)*100)
A12: 3 | B12: 2410080 | C12: 3122245002069 | D12: Pranav C K | E12: pranav2410080@ssn.edu.in | F12: =SUM(UIT3561!BJ14+UIT3562!BL14+UIT3563!BI14+UIT3501!BI14+UIT3515!BI14+UIT3519!BI14+UIT3517!BI14) | G12: =SUM(UIT3561!BJ15+UIT3562!BL15+UIT3563!BI15+UIT3501!BI15+UIT3515!BI15+UIT3519!BI15+UIT3517!BI15) | H12: =SUM((G12/F12)*100)
A13: 4 | B13: 2410328 | C13: 3122245002070 | D13: Pranav Vasudevan | E13: pranav2410328@ssn.edu.in | F13: =SUM(UIT3561!BJ15+UIT3562!BL15+UIT3563!BI15+UIT3501!BI15+UIT3515!BI15+UIT3519!BI15+UIT3517!BI15) | G13: =SUM(UIT3561!BJ16+UIT3562!BL16+UIT3563!BI16+UIT3501!BI16+UIT3515!BI16+UIT3519!BI16+UIT3517!BI16) | H13: =SUM((G13/F13)*100)
A14: 5 | B14: 2410738 | C14: 3122245002071 | D14: Radhakrishnan M | E14: radhakrishnan2410738@ssn.edu.in | F14: =SUM(UIT3561!BJ16+UIT3562!BL16+UIT3563!BI16+UIT3501!BI16+UIT3515!BI16+UIT3519!BI16+UIT3517!BI16) | G14: =SUM(UIT3561!BJ17+UIT3562!BL17+UIT3563!BI17+UIT3501!BI17+UIT3515!BI17+UIT3519!BI17+UIT3517!BI17) | H14: =SUM((G14/F14)*100)
A15: 6 | B15: 2410786 | C15: 3122245002072 | D15: Raghul Krishna V | E15: raghulkrishna2410786@ssn.edu.in | F15: =SUM(UIT3561!BJ17+UIT3562!BL17+UIT3563!BI17+UIT3501!BI17+UIT3515!BI17+UIT3519!BI17+UIT3517!BI17) | G15: =SUM(UIT3561!BJ18+UIT3562!BL18+UIT3563!BI18+UIT3501!BI18+UIT3515!BI18+UIT3519!BI18+UIT3517!BI18) | H15: =SUM((G15/F15)*100)
A16: 7 | B16: 2410441 | C16: 3122245002073 | D16: Ragul A | E16: ragul2410441@ssn.edu.in | F16: =SUM(UIT3561!BJ18+UIT3562!BL18+UIT3563!BI18+UIT3501!BI18+UIT3515!BI18+UIT3519!BI18+UIT3517!BI18) | G16: =SUM(UIT3561!BJ19+UIT3562!BL19+UIT3563!BI19+UIT3501!BI19+UIT3515!BI19+UIT3519!BI19+UIT3517!BI19) | H16: =SUM((G16/F16)*100)
A17: 8 | B17: 2410834 | C17: 3122245002074 | D17: Ragunandhan M | E17: ragunandhan2410834@ssn.edu.in | F17: =SUM(UIT3561!BJ19+UIT3562!BL19+UIT3563!BI19+UIT3501!BI19+UIT3515!BI19+UIT3519!BI19+UIT3517!BI19) | G17: =SUM(UIT3561!BJ20+UIT3562!BL20+UIT3563!BI20+UIT3501!BI20+UIT3515!BI20+UIT3519!BI20+UIT3517!BI20) | H17: =SUM((G17/F17)*100)
A18: 9 | B18: 2410098 | C18: 3122245002075 | D18: Rajkumar M | E18: rajkumar2410098@ssn.edu.in | F18: =SUM(UIT3561!BJ20+UIT3562!BL20+UIT3563!BI20+UIT3501!BI20+UIT3515!BI20+UIT3519!BI20+UIT3517!BI20) | G18: =SUM(UIT3561!BJ21+UIT3562!BL21+UIT3563!BI21+UIT3501!BI21+UIT3515!BI21+UIT3519!BI21+UIT3517!BI21) | H18: =SUM((G18/F18)*100)
A19: 10 | B19: 2410632 | C19: 3122245002076 | D19: Ramakrishnan M R | E19: ramakrishnan2410632@ssn.edu.in | F19: =SUM(UIT3561!BJ21+UIT3562!BL21+UIT3563!BI21+UIT3501!BI21+UIT3515!BI21+UIT3519!BI21+UIT3517!BI21) | G19: =SUM(UIT3561!BJ22+UIT3562!BL22+UIT3563!BI22+UIT3501!BI22+UIT3515!BI22+UIT3519!BI22+UIT3517!BI22) | H19: =SUM((G19/F19)*100)
A20: 11 | B20: 2410313 | C20: 3122245002077 | D20: Raveena V K | E20: raveena2410313@ssn.edu.in | F20: =SUM(UIT3561!BJ22+UIT3562!BL22+UIT3563!BI22+UIT3501!BI22+UIT3515!BI22+UIT3519!BI22+UIT3517!BI22) | G20: =SUM(UIT3561!BJ23+UIT3562!BL23+UIT3563!BI23+UIT3501!BI23+UIT3515!BI23+UIT3519!BI23+UIT3517!BI23) | H20: =SUM((G20/F20)*100)
A21: 12 | B21: 2410581 | C21: 3122245002078 | D21: Ridhi R | E21: ridhi2410581@ssn.edu.in | F21: =SUM(UIT3561!BJ23+UIT3562!BL23+UIT3563!BI23+UIT3501!BI23+UIT3515!BI23+UIT3519!BI23+UIT3517!BI23) | G21: =SUM(UIT3561!BJ24+UIT3562!BL24+UIT3563!BI24+UIT3501!BI24+UIT3515!BI24+UIT3519!BI24+UIT3517!BI24) | H21: =SUM((G21/F21)*100)
... A80: 71 | B80: 2412001 | C80: 3122245002310 | D80: Sundararajan R | E80: sundararajan2412001@ssn.edu.in | F80: =SUM(UIT3561!BJ82+UIT3562!BL82+UIT3563!BI82+UIT3501!BI82+UIT3515!BI82+UIT3519!BI82+UIT3517!BI82) | G80: =SUM(UIT3561!BJ83+UIT3562!BL83+UIT3563!BI83+UIT3501!BI83+UIT3515!BI83+UIT3519!BI83+UIT3517!BI83) | H80: =SUM((G80/F80)*100)
E85: Above 75% (Eligible) | H85: =COUNTIF(H11:H80,">=75")
E86: 74% to 65% (Eligible to MC submitted) | H86: =COUNTIFS(H11:H80,">=65",H11:H80,"<=74")
E87: Below 65% (Ineligible) | H87: =COUNTIF(H11:H80,"<65")

Sheet HGHG
A1: SSN College of Engineering, Kalavakkam - 603 110
A2: Department of Information Technology
A3: NAME LIST
A4: Class & Section : VI SEM IT B
A5: Academic Year: 2014-2015
C6: Batch: 2012-2016
A7: Sub Code & Sub Name :
A8: Staff Name :
A10: SL. NO | B10: REG. NO. | C10: NAME
A11: 1 | B11: 312212205065 | C11: NEIL S MANOJ
A12: 2 | B12: 312212205066 | C12: NITHISH S
A13: 3 | B13: 312212205071 | C13: POOJETHA DEVI S
A14: 4 | B14: 312212205073 | C14: PRADEEBA M
A15: 5 | B15: 312212205078 | C15: RAGAVI K
A16: 6 | B16: 312212205087 | C16: SANDEEP JOEL A
A17: 7 | B17: 312212205095 | C17: SOUMYA A
A18: 8 | B18: 312212205102 | C18: SUSHMITHA S
A19: 9 | B19: 312212205103 | C19: SUSMA V
A20: 10 | B20: 312212205111 | C20: VARALAKSHMI V
A21: 11 | B21: 312212205115 | C21: VIDHYALAKSHMI K
A22: 12 | B22: 312212205116 | C22: VIGNESH R
... A32: 22 | B32: 312212205318 | C32: VISWESH V

Sheet Open Elective
A1: SSN College of Engineering, Kalavakkam - 603 110
A2: Department of Information Technology
A3: OPEN ELECTIVE NAMELIST
A4: Class & Section : VI SEM IT
A5: Academic Year: 2020-2021
D6: Batch: 2018-2022
A7: Sub Code & Sub Name :
A8: Staff Name :
A10: SL. NO | B10: REG. NO. | C10: NAME | D10: OPEN ELECTIVE SUBJECT
A11: 1 | B11: 185002001 | C11: Aadhithya B.Kailash | D11: UIT1622 - Speech Processing
A12: 2 | B12: 185002003 | C12: Adithya R | D12: UIT1622 - Speech Processing
A13: 3 | B13: 185002007 | C13: Akarvin Raja Prajan S A J | D13: UIT1622 - Speech Processing
A14: 4 | B14: 185002011 | C14: Amrith M | D14: UIT1622 - Speech Processing
A15: 5 | B15: 185002016 | C15: R. Arun Kumar | D15: UIT1622 - Speech Processing
A16: 6 | B16: 185002018 | C16: M Badri Narayanan | D16: UIT1622 - Speech Processing
A17: 7 | B17: 185002020 | C17: Yagnavi | D17: UIT1622 - Speech Processing
A18: 8 | B18: 185002029 | C18: Ghanta Sandhya Rani | D18: UIT1622 - Speech Processing
A19: 9 | B19: 185002049 | C19: S. Keertivaas | D19: UIT1622 - Speech Processing
A20: 10 | B20: 185002014 | C20: R Aravind Angappan | D20: UIT1621 - Real Time Embedded Systems
A21: 11 | B21: 185002015 | C21: ARUN KS | D21: UIT1621 - Real Time Embedded Systems
A22: 12 | B22: 185002017 | C22: Arun Laxman A | D22: UIT1621 - Real Time Embedded Systems
... A142: 132 | B142: 185002309 | C142: Siva Ganesh N | D142: UIT1625 - Analysis and Design of Service Oriented Architecture
